,ID,instrument,granularity,timestamp,volume,open,high,low,close,complete,dateYYYMMDD,timeHHMMSS,year,month,day,hour,minute,second
0,EUR_USD|H1|20180827|040000,EUR_USD,H1,2018-08-27 04:00:00,1001,1.16272,1.16275,1.16190,1.16191,True,20180827,040000,2018,08,27,04,00,00
1,EUR_USD|H1|20180827|050000,EUR_USD,H1,2018-08-27 05:00:00,1182,1.16191,1.16214,1.16133,1.16191,True,20180827,050000,2018,08,27,05,00,00
2,EUR_USD|H1|20180827|060000,EUR_USD,H1,2018-08-27 06:00:00,3040,1.16191,1.16253,1.15954,1.16016,True,20180827,060000,2018,08,27,06,00,00
3,EUR_USD|H1|20180827|070000,EUR_USD,H1,2018-08-27 07:00:00,2015,1.16016,1.16115,1.15971,1.16008,True,20180827,070000,2018,08,27,07,00,00
4,EUR_USD|H1|20180827|080000,EUR_USD,H1,2018-08-27 08:00:00,1975,1.16008,1.16203,1.16008,1.16103,True,20180827,080000,2018,08,27,08,00,00
5,EUR_USD|H1|20180827|090000,EUR_USD,H1,2018-08-27 09:00:00,1156,1.16103,1.16225,1.16099,1.16181,True,20180827,090000,2018,08,27,09,00,00
6,EUR_USD|H1|20180827|100000,EUR_USD,H1,2018-08-27 10:00:00,2295,1.16181,1.16213,1.16058,1.16112,True,20180827,100000,2018,08,27,10,00,00
7,EUR_USD|H1|20180827|110000,EUR_USD,H1,2018-08-27 11:00:00,2028,1.16112,1.16307,1.16110,1.16298,True,20180827,110000,2018,08,27,11,00,00
8,EUR_USD|H1|20180827|120000,EUR_USD,H1,2018-08-27 12:00:00,2679,1.16298,1.16443,1.16265,1.16385,True,20180827,120000,2018,08,27,12,00,00
9,EUR_USD|H1|20180827|130000,EUR_USD,H1,2018-08-27 13:00:00,2908,1.16385,1.16585,1.16340,1.16493,True,20180827,130000,2018,08,27,13,00,00
10,EUR_USD|H1|20180827|140000,EUR_USD,H1,2018-08-27 14:00:00,3262,1.16493,1.16755,1.16469,1.16712,True,20180827,140000,2018,08,27,14,00,00
11,EUR_USD|H1|20180827|150000,EUR_USD,H1,2018-08-27 15:00:00,3373,1.16712,1.16820,1.16692,1.16767,True,20180827,150000,2018,08,27,15,00,00
12,EUR_USD|H1|20180827|160000,EUR_USD,H1,2018-08-27 16:00:00,2179,1.16767,1.16922,1.16735,1.16890,True,20180827,160000,2018,08,27,16,00,00
13,EUR_USD|H1|20180827|170000,EUR_USD,H1,2018-08-27 17:00:00,1242,1.16890,1.16947,1.16761,1.16781,True,20180827,170000,2018,08,27,17,00,00
14,EUR_USD|H1|20180827|180000,EUR_USD,H1,2018-08-27 18:00:00,889,1.16781,1.16841,1.16769,1.16799,True,20180827,180000,2018,08,27,18,00,00
15,EUR_USD|H1|20180827|190000,EUR_USD,H1,2018-08-27 19:00:00,794,1.16799,1.16829,1.16771,1.16818,True,20180827,190000,2018,08,27,19,00,00
16,EUR_USD|H1|20180827|200000,EUR_USD,H1,2018-08-27 20:00:00,547,1.16818,1.16860,1.16787,1.16794,True,20180827,200000,2018,08,27,20,00,00
17,EUR_USD|H1|20180827|210000,EUR_USD,H1,2018-08-27 21:00:00,1813,1.16794,1.16884,1.16786,1.16807,True,20180827,210000,2018,08,27,21,00,00
18,EUR_USD|H1|20180827|220000,EUR_USD,H1,2018-08-27 22:00:00,606,1.16807,1.16826,1.16793,1.16810,True,20180827,220000,2018,08,27,22,00,00
19,EUR_USD|H1|20180827|230000,EUR_USD,H1,2018-08-27 23:00:00,621,1.16810,1.16850,1.16789,1.16850,True,20180827,230000,2018,08,27,23,00,00
20,EUR_USD|H1|20180828|000000,EUR_USD,H1,2018-08-28 00:00:00,1744,1.16850,1.16982,1.16826,1.16923,True,20180828,000000,2018,08,28,00,00,00
21,EUR_USD|H1|20180828|010000,EUR_USD,H1,2018-08-28 01:00:00,1836,1.16923,1.16930,1.16732,1.16780,True,20180828,010000,2018,08,28,01,00,00
22,EUR_USD|H1|20180828|020000,EUR_USD,H1,2018-08-28 02:00:00,849,1.16780,1.16785,1.16718,1.16760,True,20180828,020000,2018,08,28,02,00,00
23,EUR_USD|H1|20180828|030000,EUR_USD,H1,2018-08-28 03:00:00,639,1.16760,1.16782,1.16714,1.16751,True,20180828,030000,2018,08,28,03,00,00
24,EUR_USD|H1|20180828|040000,EUR_USD,H1,2018-08-28 04:00:00,592,1.16751,1.16768,1.16701,1.16749,True,20180828,040000,2018,08,28,04,00,00
25,EUR_USD|H1|20180828|050000,EUR_USD,H1,2018-08-28 05:00:00,1300,1.16749,1.16751,1.16631,1.16707,True,20180828,050000,2018,08,28,05,00,00
26,EUR_USD|H1|20180828|060000,EUR_USD,H1,2018-08-28 06:00:00,2204,1.16707,1.16919,1.16684,1.16895,True,20180828,060000,2018,08,28,06,00,00
27,EUR_USD|H1|20180828|070000,EUR_USD,H1,2018-08-28 07:00:00,4000,1.16895,1.17008,1.16796,1.16867,True,20180828,070000,2018,08,28,07,00,00
28,EUR_USD|H1|20180828|080000,EUR_USD,H1,2018-08-28 08:00:00,2628,1.16867,1.17002,1.16812,1.16925,True,20180828,080000,2018,08,28,08,00,00
29,EUR_USD|H1|20180828|090000,EUR_USD,H1,2018-08-28 09:00:00,2661,1.16925,1.17056,1.16881,1.17029,True,20180828,090000,2018,08,28,09,00,00
30,EUR_USD|H1|20180828|100000,EUR_USD,H1,2018-08-28 10:00:00,2321,1.17029,1.17077,1.16955,1.16990,True,20180828,100000,2018,08,28,10,00,00
31,EUR_USD|H1|20180828|110000,EUR_USD,H1,2018-08-28 11:00:00,2766,1.16990,1.17185,1.16949,1.17167,True,20180828,110000,2018,08,28,11,00,00
32,EUR_USD|H1|20180828|120000,EUR_USD,H1,2018-08-28 12:00:00,3056,1.17167,1.17225,1.17057,1.17168,True,20180828,120000,2018,08,28,12,00,00
33,EUR_USD|H1|20180828|130000,EUR_USD,H1,2018-08-28 13:00:00,3361,1.17168,1.17345,1.17150,1.17322,True,20180828,130000,2018,08,28,13,00,00
34,EUR_USD|H1|20180828|140000,EUR_USD,H1,2018-08-28 14:00:00,4018,1.17322,1.17330,1.17035,1.17155,True,20180828,140000,2018,08,28,14,00,00
35,EUR_USD|H1|20180828|150000,EUR_USD,H1,2018-08-28 15:00:00,2284,1.17155,1.17234,1.17094,1.17198,True,20180828,150000,2018,08,28,15,00,00
36,EUR_USD|H1|20180828|160000,EUR_USD,H1,2018-08-28 16:00:00,1535,1.17198,1.17257,1.17119,1.17185,True,20180828,160000,2018,08,28,16,00,00
37,EUR_USD|H1|20180828|170000,EUR_USD,H1,2018-08-28 17:00:00,1362,1.17185,1.17224,1.17112,1.17133,True,20180828,170000,2018,08,28,17,00,00
38,EUR_USD|H1|20180828|180000,EUR_USD,H1,2018-08-28 18:00:00,2294,1.17133,1.17133,1.16915,1.16955,True,20180828,180000,2018,08,28,18,00,00
39,EUR_USD|H1|20180828|190000,EUR_USD,H1,2018-08-28 19:00:00,1786,1.16955,1.16994,1.16915,1.16932,True,20180828,190000,2018,08,28,19,00,00
40,EUR_USD|H1|20180828|200000,EUR_USD,H1,2018-08-28 20:00:00,628,1.16932,1.16967,1.16932,1.16963,True,20180828,200000,2018,08,28,20,00,00
41,EUR_USD|H1|20180828|210000,EUR_USD,H1,2018-08-28 21:00:00,1490,1.16963,1.17002,1.16935,1.16942,True,20180828,210000,2018,08,28,21,00,00
42,EUR_USD|H1|20180828|220000,EUR_USD,H1,2018-08-28 22:00:00,352,1.16942,1.16963,1.16923,1.16961,True,20180828,220000,2018,08,28,22,00,00
43,EUR_USD|H1|20180828|230000,EUR_USD,H1,2018-08-28 23:00:00,698,1.16961,1.16964,1.16874,1.16939,True,20180828,230000,2018,08,28,23,00,00
44,EUR_USD|H1|20180829|000000,EUR_USD,H1,2018-08-29 00:00:00,1174,1.16939,1.16976,1.16847,1.16868,True,20180829,000000,2018,08,29,00,00,00
45,EUR_USD|H1|20180829|010000,EUR_USD,H1,2018-08-29 01:00:00,895,1.16868,1.16904,1.16843,1.16849,True,20180829,010000,2018,08,29,01,00,00
46,EUR_USD|H1|20180829|020000,EUR_USD,H1,2018-08-29 02:00:00,1032,1.16849,1.16985,1.16839,1.16924,True,20180829,020000,2018,08,29,02,00,00
47,EUR_USD|H1|20180829|030000,EUR_USD,H1,2018-08-29 03:00:00,496,1.16924,1.16961,1.16906,1.16958,True,20180829,030000,2018,08,29,03,00,00
48,EUR_USD|H1|20180829|040000,EUR_USD,H1,2018-08-29 04:00:00,549,1.16958,1.16972,1.16912,1.16968,True,20180829,040000,2018,08,29,04,00,00
49,EUR_USD|H1|20180829|050000,EUR_USD,H1,2018-08-29 05:00:00,2364,1.16968,1.16970,1.16740,1.16751,True,20180829,050000,2018,08,29,05,00,00
50,EUR_USD|H1|20180829|060000,EUR_USD,H1,2018-08-29 06:00:00,2937,1.16751,1.16825,1.16676,1.16687,True,20180829,060000,2018,08,29,06,00,00
51,EUR_USD|H1|20180829|070000,EUR_USD,H1,2018-08-29 07:00:00,3182,1.16687,1.16877,1.16660,1.16667,True,20180829,070000,2018,08,29,07,00,00
52,EUR_USD|H1|20180829|080000,EUR_USD,H1,2018-08-29 08:00:00,2702,1.16667,1.16784,1.16641,1.16672,True,20180829,080000,2018,08,29,08,00,00
53,EUR_USD|H1|20180829|090000,EUR_USD,H1,2018-08-29 09:00:00,2076,1.16672,1.16772,1.16631,1.16733,True,20180829,090000,2018,08,29,09,00,00
54,EUR_USD|H1|20180829|100000,EUR_USD,H1,2018-08-29 10:00:00,2298,1.16733,1.16760,1.16623,1.16638,True,20180829,100000,2018,08,29,10,00,00
55,EUR_USD|H1|20180829|110000,EUR_USD,H1,2018-08-29 11:00:00,2485,1.16638,1.16691,1.16528,1.16591,True,20180829,110000,2018,08,29,11,00,00
56,EUR_USD|H1|20180829|120000,EUR_USD,H1,2018-08-29 12:00:00,2911,1.16591,1.16684,1.16558,1.16651,True,20180829,120000,2018,08,29,12,00,00
57,EUR_USD|H1|20180829|130000,EUR_USD,H1,2018-08-29 13:00:00,4193,1.16651,1.16905,1.16627,1.16901,True,20180829,130000,2018,08,29,13,00,00
58,EUR_USD|H1|20180829|140000,EUR_USD,H1,2018-08-29 14:00:00,7961,1.16901,1.17086,1.16838,1.16940,True,20180829,140000,2018,08,29,14,00,00
59,EUR_USD|H1|20180829|150000,EUR_USD,H1,2018-08-29 15:00:00,3197,1.16940,1.17041,1.16891,1.16988,True,20180829,150000,2018,08,29,15,00,00
60,EUR_USD|H1|20180829|160000,EUR_USD,H1,2018-08-29 16:00:00,2951,1.16988,1.17076,1.16919,1.17058,True,20180829,160000,2018,08,29,16,00,00
61,EUR_USD|H1|20180829|170000,EUR_USD,H1,2018-08-29 17:00:00,1985,1.17058,1.17072,1.16958,1.16990,True,20180829,170000,2018,08,29,17,00,00
62,EUR_USD|H1|20180829|180000,EUR_USD,H1,2018-08-29 18:00:00,2123,1.16990,1.17032,1.16899,1.17002,True,20180829,180000,2018,08,29,18,00,00
63,EUR_USD|H1|20180829|190000,EUR_USD,H1,2018-08-29 19:00:00,1322,1.17002,1.17082,1.16991,1.17045,True,20180829,190000,2018,08,29,19,00,00
64,EUR_USD|H1|20180829|200000,EUR_USD,H1,2018-08-29 20:00:00,740,1.17045,1.17105,1.17035,1.17091,True,20180829,200000,2018,08,29,20,00,00
65,EUR_USD|H1|20180829|210000,EUR_USD,H1,2018-08-29 21:00:00,1138,1.17091,1.17110,1.17075,1.17096,True,20180829,210000,2018,08,29,21,00,00
66,EUR_USD|H1|20180829|220000,EUR_USD,H1,2018-08-29 22:00:00,439,1.17096,1.17112,1.17072,1.17073,True,20180829,220000,2018,08,29,22,00,00
67,EUR_USD|H1|20180829|230000,EUR_USD,H1,2018-08-29 23:00:00,340,1.17073,1.17113,1.17070,1.17103,True,20180829,230000,2018,08,29,23,00,00
68,EUR_USD|H1|20180830|000000,EUR_USD,H1,2018-08-30 00:00:00,1027,1.17103,1.17146,1.17026,1.17067,True,20180830,000000,2018,08,30,00,00,00
69,EUR_USD|H1|20180830|010000,EUR_USD,H1,2018-08-30 01:00:00,2029,1.17067,1.17112,1.16970,1.17049,True,20180830,010000,2018,08,30,01,00,00
70,EUR_USD|H1|20180830|020000,EUR_USD,H1,2018-08-30 02:00:00,749,1.17049,1.17076,1.17011,1.17021,True,20180830,020000,2018,08,30,02,00,00
71,EUR_USD|H1|20180830|030000,EUR_USD,H1,2018-08-30 03:00:00,900,1.17021,1.17063,1.16958,1.17014,True,20180830,030000,2018,08,30,03,00,00
72,EUR_USD|H1|20180830|040000,EUR_USD,H1,2018-08-30 04:00:00,555,1.17014,1.17043,1.16981,1.17001,True,20180830,040000,2018,08,30,04,00,00
73,EUR_USD|H1|20180830|050000,EUR_USD,H1,2018-08-30 05:00:00,1302,1.17001,1.17007,1.16868,1.16909,True,20180830,050000,2018,08,30,05,00,00
74,EUR_USD|H1|20180830|060000,EUR_USD,H1,2018-08-30 06:00:00,2283,1.16909,1.17069,1.16896,1.17046,True,20180830,060000,2018,08,30,06,00,00
75,EUR_USD|H1|20180830|070000,EUR_USD,H1,2018-08-30 07:00:00,3011,1.17046,1.17192,1.16974,1.17029,True,20180830,070000,2018,08,30,07,00,00
76,EUR_USD|H1|20180830|080000,EUR_USD,H1,2018-08-30 08:00:00,3083,1.17029,1.17050,1.16757,1.16875,True,20180830,080000,2018,08,30,08,00,00
77,EUR_USD|H1|20180830|090000,EUR_USD,H1,2018-08-30 09:00:00,1853,1.16875,1.17007,1.16851,1.16995,True,20180830,090000,2018,08,30,09,00,00
78,EUR_USD|H1|20180830|100000,EUR_USD,H1,2018-08-30 10:00:00,2560,1.16995,1.17096,1.16923,1.16984,True,20180830,100000,2018,08,30,10,00,00
79,EUR_USD|H1|20180830|110000,EUR_USD,H1,2018-08-30 11:00:00,2735,1.16984,1.16996,1.16829,1.16870,True,20180830,110000,2018,08,30,11,00,00
80,EUR_USD|H1|20180830|120000,EUR_USD,H1,2018-08-30 12:00:00,3312,1.16870,1.16965,1.16777,1.16781,True,20180830,120000,2018,08,30,12,00,00
81,EUR_USD|H1|20180830|130000,EUR_USD,H1,2018-08-30 13:00:00,5779,1.16781,1.16833,1.16445,1.16608,True,20180830,130000,2018,08,30,13,00,00
82,EUR_USD|H1|20180830|140000,EUR_USD,H1,2018-08-30 14:00:00,3622,1.16608,1.16692,1.16513,1.16580,True,20180830,140000,2018,08,30,14,00,00
83,EUR_USD|H1|20180830|150000,EUR_USD,H1,2018-08-30 15:00:00,3586,1.16580,1.16627,1.16426,1.16465,True,20180830,150000,2018,08,30,15,00,00
84,EUR_USD|H1|20180830|160000,EUR_USD,H1,2018-08-30 16:00:00,2197,1.16465,1.16609,1.16422,1.16578,True,20180830,160000,2018,08,30,16,00,00
85,EUR_USD|H1|20180830|170000,EUR_USD,H1,2018-08-30 17:00:00,2292,1.16578,1.16710,1.16508,1.16689,True,20180830,170000,2018,08,30,17,00,00
86,EUR_USD|H1|20180830|180000,EUR_USD,H1,2018-08-30 18:00:00,3686,1.16689,1.16726,1.16573,1.16657,True,20180830,180000,2018,08,30,18,00,00
87,EUR_USD|H1|20180830|190000,EUR_USD,H1,2018-08-30 19:00:00,1932,1.16657,1.16797,1.16605,1.16777,True,20180830,190000,2018,08,30,19,00,00
88,EUR_USD|H1|20180830|200000,EUR_USD,H1,2018-08-30 20:00:00,1107,1.16777,1.16777,1.16661,1.16696,True,20180830,200000,2018,08,30,20,00,00
89,EUR_USD|H1|20180830|210000,EUR_USD,H1,2018-08-30 21:00:00,613,1.16696,1.16744,1.16658,1.16683,True,20180830,210000,2018,08,30,21,00,00
90,EUR_USD|H1|20180830|220000,EUR_USD,H1,2018-08-30 22:00:00,1571,1.16683,1.16706,1.16635,1.16641,True,20180830,220000,2018,08,30,22,00,00
91,EUR_USD|H1|20180830|230000,EUR_USD,H1,2018-08-30 23:00:00,578,1.16641,1.16676,1.16621,1.16663,True,20180830,230000,2018,08,30,23,00,00
92,EUR_USD|H1|20180831|000000,EUR_USD,H1,2018-08-31 00:00:00,1136,1.16663,1.16703,1.16615,1.16653,True,20180831,000000,2018,08,31,00,00,00
93,EUR_USD|H1|20180831|010000,EUR_USD,H1,2018-08-31 01:00:00,2089,1.16653,1.16774,1.16644,1.16679,True,20180831,010000,2018,08,31,01,00,00
94,EUR_USD|H1|20180831|020000,EUR_USD,H1,2018-08-31 02:00:00,1232,1.16679,1.16712,1.16616,1.16642,True,20180831,020000,2018,08,31,02,00,00
95,EUR_USD|H1|20180831|030000,EUR_USD,H1,2018-08-31 03:00:00,889,1.16642,1.16681,1.16603,1.16642,True,20180831,030000,2018,08,31,03,00,00
96,EUR_USD|H1|20180831|040000,EUR_USD,H1,2018-08-31 04:00:00,594,1.16642,1.16720,1.16637,1.16705,True,20180831,040000,2018,08,31,04,00,00
97,EUR_USD|H1|20180831|050000,EUR_USD,H1,2018-08-31 05:00:00,2662,1.16705,1.16933,1.16697,1.16818,True,20180831,050000,2018,08,31,05,00,00
98,EUR_USD|H1|20180831|060000,EUR_USD,H1,2018-08-31 06:00:00,2070,1.16818,1.16852,1.16727,1.16732,True,20180831,060000,2018,08,31,06,00,00
99,EUR_USD|H1|20180831|070000,EUR_USD,H1,2018-08-31 07:00:00,4308,1.16732,1.16907,1.16731,1.16842,True,20180831,070000,2018,08,31,07,00,00
100,EUR_USD|H1|20180831|080000,EUR_USD,H1,2018-08-31 08:00:00,3226,1.16842,1.16907,1.16676,1.16702,True,20180831,080000,2018,08,31,08,00,00
101,EUR_USD|H1|20180831|090000,EUR_USD,H1,2018-08-31 09:00:00,2853,1.16702,1.16739,1.16645,1.16694,True,20180831,090000,2018,08,31,09,00,00
102,EUR_USD|H1|20180831|100000,EUR_USD,H1,2018-08-31 10:00:00,2499,1.16694,1.16709,1.16562,1.16670,True,20180831,100000,2018,08,31,10,00,00
103,EUR_USD|H1|20180831|110000,EUR_USD,H1,2018-08-31 11:00:00,4091,1.16670,1.16679,1.16440,1.16523,True,20180831,110000,2018,08,31,11,00,00
104,EUR_USD|H1|20180831|120000,EUR_USD,H1,2018-08-31 12:00:00,4093,1.16523,1.16565,1.16337,1.16402,True,20180831,120000,2018,08,31,12,00,00
105,EUR_USD|H1|20180831|130000,EUR_USD,H1,2018-08-31 13:00:00,3620,1.16402,1.16412,1.16265,1.16371,True,20180831,130000,2018,08,31,13,00,00
106,EUR_USD|H1|20180831|140000,EUR_USD,H1,2018-08-31 14:00:00,5510,1.16371,1.16526,1.16306,1.16348,True,20180831,140000,2018,08,31,14,00,00
107,EUR_USD|H1|20180831|150000,EUR_USD,H1,2018-08-31 15:00:00,6574,1.16348,1.16368,1.15929,1.15967,True,20180831,150000,2018,08,31,15,00,00
108,EUR_USD|H1|20180831|160000,EUR_USD,H1,2018-08-31 16:00:00,4640,1.15967,1.16005,1.15851,1.15956,True,20180831,160000,2018,08,31,16,00,00
109,EUR_USD|H1|20180831|170000,EUR_USD,H1,2018-08-31 17:00:00,2376,1.15956,1.16060,1.15897,1.16057,True,20180831,170000,2018,08,31,17,00,00
110,EUR_USD|H1|20180831|180000,EUR_USD,H1,2018-08-31 18:00:00,2373,1.16057,1.16101,1.15967,1.15979,True,20180831,180000,2018,08,31,18,00,00
111,EUR_USD|H1|20180831|190000,EUR_USD,H1,2018-08-31 19:00:00,2847,1.15979,1.16113,1.15965,1.16077,True,20180831,190000,2018,08,31,19,00,00
112,EUR_USD|H1|20180831|200000,EUR_USD,H1,2018-08-31 20:00:00,1616,1.16077,1.16181,1.16043,1.16049,True,20180831,200000,2018,08,31,20,00,00
113,EUR_USD|H1|20180902|210000,EUR_USD,H1,2018-09-02 21:00:00,374,1.16049,1.16049,1.15955,1.15990,True,20180902,210000,2018,09,02,21,00,00
114,EUR_USD|H1|20180902|220000,EUR_USD,H1,2018-09-02 22:00:00,1546,1.15990,1.16064,1.15974,1.15985,True,20180902,220000,2018,09,02,22,00,00
115,EUR_USD|H1|20180902|230000,EUR_USD,H1,2018-09-02 23:00:00,456,1.15985,1.16000,1.15934,1.15988,True,20180902,230000,2018,09,02,23,00,00
116,EUR_USD|H1|20180903|000000,EUR_USD,H1,2018-09-03 00:00:00,899,1.15988,1.16039,1.15925,1.15973,True,20180903,000000,2018,09,03,00,00,00
117,EUR_USD|H1|20180903|010000,EUR_USD,H1,2018-09-03 01:00:00,1614,1.15973,1.16012,1.15902,1.15973,True,20180903,010000,2018,09,03,01,00,00
118,EUR_USD|H1|20180903|020000,EUR_USD,H1,2018-09-03 02:00:00,1008,1.15973,1.16029,1.15937,1.15988,True,20180903,020000,2018,09,03,02,00,00
119,EUR_USD|H1|20180903|030000,EUR_USD,H1,2018-09-03 03:00:00,614,1.15988,1.16038,1.15968,1.15998,True,20180903,030000,2018,09,03,03,00,00
120,EUR_USD|H1|20180903|040000,EUR_USD,H1,2018-09-03 04:00:00,613,1.15998,1.16067,1.15984,1.16067,True,20180903,040000,2018,09,03,04,00,00
121,EUR_USD|H1|20180903|050000,EUR_USD,H1,2018-09-03 05:00:00,837,1.16067,1.16160,1.16058,1.16132,True,20180903,050000,2018,09,03,05,00,00
122,EUR_USD|H1|20180903|060000,EUR_USD,H1,2018-09-03 06:00:00,1511,1.16132,1.16164,1.16001,1.16007,True,20180903,060000,2018,09,03,06,00,00
123,EUR_USD|H1|20180903|070000,EUR_USD,H1,2018-09-03 07:00:00,3524,1.16007,1.16272,1.15916,1.16113,True,20180903,070000,2018,09,03,07,00,00
124,EUR_USD|H1|20180903|080000,EUR_USD,H1,2018-09-03 08:00:00,2764,1.16113,1.16234,1.16078,1.16120,True,20180903,080000,2018,09,03,08,00,00
125,EUR_USD|H1|20180903|090000,EUR_USD,H1,2018-09-03 09:00:00,1842,1.16120,1.16151,1.15989,1.15994,True,20180903,090000,2018,09,03,09,00,00
126,EUR_USD|H1|20180903|100000,EUR_USD,H1,2018-09-03 10:00:00,2035,1.15994,1.16191,1.15970,1.16169,True,20180903,100000,2018,09,03,10,00,00
127,EUR_USD|H1|20180903|110000,EUR_USD,H1,2018-09-03 11:00:00,1359,1.16169,1.16207,1.16108,1.16121,True,20180903,110000,2018,09,03,11,00,00
128,EUR_USD|H1|20180903|120000,EUR_USD,H1,2018-09-03 12:00:00,1866,1.16121,1.16172,1.16058,1.16071,True,20180903,120000,2018,09,03,12,00,00
129,EUR_USD|H1|20180903|130000,EUR_USD,H1,2018-09-03 13:00:00,1434,1.16071,1.16152,1.16042,1.16102,True,20180903,130000,2018,09,03,13,00,00
130,EUR_USD|H1|20180903|140000,EUR_USD,H1,2018-09-03 14:00:00,1864,1.16102,1.16286,1.16089,1.16280,True,20180903,140000,2018,09,03,14,00,00
131,EUR_USD|H1|20180903|150000,EUR_USD,H1,2018-09-03 15:00:00,1239,1.16280,1.16280,1.16185,1.16200,True,20180903,150000,2018,09,03,15,00,00
132,EUR_USD|H1|20180903|160000,EUR_USD,H1,2018-09-03 16:00:00,753,1.16200,1.16240,1.16156,1.16179,True,20180903,160000,2018,09,03,16,00,00
133,EUR_USD|H1|20180903|170000,EUR_USD,H1,2018-09-03 17:00:00,464,1.16179,1.16224,1.16169,1.16199,True,20180903,170000,2018,09,03,17,00,00
134,EUR_USD|H1|20180903|180000,EUR_USD,H1,2018-09-03 18:00:00,1614,1.16199,1.16223,1.16174,1.16192,True,20180903,180000,2018,09,03,18,00,00
135,EUR_USD|H1|20180903|190000,EUR_USD,H1,2018-09-03 19:00:00,1291,1.16192,1.16206,1.16157,1.16172,True,20180903,190000,2018,09,03,19,00,00
136,EUR_USD|H1|20180903|200000,EUR_USD,H1,2018-09-03 20:00:00,3184,1.16172,1.16234,1.16159,1.16234,True,20180903,200000,2018,09,03,20,00,00
137,EUR_USD|H1|20180903|210000,EUR_USD,H1,2018-09-03 21:00:00,299,1.16234,1.16244,1.16147,1.16157,True,20180903,210000,2018,09,03,21,00,00
138,EUR_USD|H1|20180903|220000,EUR_USD,H1,2018-09-03 22:00:00,544,1.16157,1.16214,1.16155,1.16180,True,20180903,220000,2018,09,03,22,00,00
139,EUR_USD|H1|20180903|230000,EUR_USD,H1,2018-09-03 23:00:00,217,1.16180,1.16186,1.16142,1.16147,True,20180903,230000,2018,09,03,23,00,00
140,EUR_USD|H1|20180904|000000,EUR_USD,H1,2018-09-04 00:00:00,1137,1.16147,1.16149,1.16027,1.16043,True,20180904,000000,2018,09,04,00,00,00
141,EUR_USD|H1|20180904|010000,EUR_USD,H1,2018-09-04 01:00:00,1857,1.16043,1.16063,1.15964,1.16031,True,20180904,010000,2018,09,04,01,00,00
142,EUR_USD|H1|20180904|020000,EUR_USD,H1,2018-09-04 02:00:00,1100,1.16031,1.16040,1.15966,1.15993,True,20180904,020000,2018,09,04,02,00,00
143,EUR_USD|H1|20180904|030000,EUR_USD,H1,2018-09-04 03:00:00,558,1.15993,1.16025,1.15977,1.16016,True,20180904,030000,2018,09,04,03,00,00
144,EUR_USD|H1|20180904|040000,EUR_USD,H1,2018-09-04 04:00:00,1174,1.16016,1.16069,1.15998,1.16053,True,20180904,040000,2018,09,04,04,00,00
145,EUR_USD|H1|20180904|050000,EUR_USD,H1,2018-09-04 05:00:00,1155,1.16053,1.16121,1.16023,1.16031,True,20180904,050000,2018,09,04,05,00,00
146,EUR_USD|H1|20180904|060000,EUR_USD,H1,2018-09-04 06:00:00,3269,1.16031,1.16053,1.15753,1.15785,True,20180904,060000,2018,09,04,06,00,00
147,EUR_USD|H1|20180904|070000,EUR_USD,H1,2018-09-04 07:00:00,2914,1.15785,1.15861,1.15685,1.15700,True,20180904,070000,2018,09,04,07,00,00
148,EUR_USD|H1|20180904|080000,EUR_USD,H1,2018-09-04 08:00:00,2906,1.15700,1.15720,1.15588,1.15663,True,20180904,080000,2018,09,04,08,00,00
149,EUR_USD|H1|20180904|090000,EUR_USD,H1,2018-09-04 09:00:00,2586,1.15663,1.15683,1.15570,1.15573,True,20180904,090000,2018,09,04,09,00,00
150,EUR_USD|H1|20180904|100000,EUR_USD,H1,2018-09-04 10:00:00,2245,1.15573,1.15657,1.15506,1.15612,True,20180904,100000,2018,09,04,10,00,00
151,EUR_USD|H1|20180904|110000,EUR_USD,H1,2018-09-04 11:00:00,2842,1.15612,1.15663,1.15538,1.15597,True,20180904,110000,2018,09,04,11,00,00
152,EUR_USD|H1|20180904|120000,EUR_USD,H1,2018-09-04 12:00:00,2624,1.15597,1.15696,1.15553,1.15618,True,20180904,120000,2018,09,04,12,00,00
153,EUR_USD|H1|20180904|130000,EUR_USD,H1,2018-09-04 13:00:00,3391,1.15618,1.15638,1.15449,1.15455,True,20180904,130000,2018,09,04,13,00,00
154,EUR_USD|H1|20180904|140000,EUR_USD,H1,2018-09-04 14:00:00,4941,1.15455,1.15611,1.15309,1.15561,True,20180904,140000,2018,09,04,14,00,00
155,EUR_USD|H1|20180904|150000,EUR_USD,H1,2018-09-04 15:00:00,3375,1.15561,1.15708,1.15520,1.15659,True,20180904,150000,2018,09,04,15,00,00
156,EUR_USD|H1|20180904|160000,EUR_USD,H1,2018-09-04 16:00:00,2536,1.15659,1.15860,1.15648,1.15802,True,20180904,160000,2018,09,04,16,00,00
157,EUR_USD|H1|20180904|170000,EUR_USD,H1,2018-09-04 17:00:00,1764,1.15802,1.15848,1.15745,1.15757,True,20180904,170000,2018,09,04,17,00,00
158,EUR_USD|H1|20180904|180000,EUR_USD,H1,2018-09-04 18:00:00,1034,1.15757,1.15818,1.15736,1.15806,True,20180904,180000,2018,09,04,18,00,00
159,EUR_USD|H1|20180904|190000,EUR_USD,H1,2018-09-04 19:00:00,1147,1.15806,1.15864,1.15751,1.15864,True,20180904,190000,2018,09,04,19,00,00
160,EUR_USD|H1|20180904|200000,EUR_USD,H1,2018-09-04 20:00:00,784,1.15864,1.15904,1.15827,1.15849,True,20180904,200000,2018,09,04,20,00,00
161,EUR_USD|H1|20180904|210000,EUR_USD,H1,2018-09-04 21:00:00,1464,1.15849,1.15911,1.15806,1.15827,True,20180904,210000,2018,09,04,21,00,00
162,EUR_USD|H1|20180904|220000,EUR_USD,H1,2018-09-04 22:00:00,894,1.15827,1.15855,1.15824,1.15840,True,20180904,220000,2018,09,04,22,00,00
163,EUR_USD|H1|20180904|230000,EUR_USD,H1,2018-09-04 23:00:00,259,1.15840,1.15881,1.15829,1.15878,True,20180904,230000,2018,09,04,23,00,00
164,EUR_USD|H1|20180905|000000,EUR_USD,H1,2018-09-05 00:00:00,1057,1.15878,1.15885,1.15808,1.15861,True,20180905,000000,2018,09,05,00,00,00
165,EUR_USD|H1|20180905|010000,EUR_USD,H1,2018-09-05 01:00:00,2129,1.15861,1.16048,1.15816,1.15972,True,20180905,010000,2018,09,05,01,00,00
166,EUR_USD|H1|20180905|020000,EUR_USD,H1,2018-09-05 02:00:00,1220,1.15972,1.16088,1.15942,1.16055,True,20180905,020000,2018,09,05,02,00,00
167,EUR_USD|H1|20180905|030000,EUR_USD,H1,2018-09-05 03:00:00,969,1.16055,1.16067,1.15958,1.15971,True,20180905,030000,2018,09,05,03,00,00
168,EUR_USD|H1|20180905|040000,EUR_USD,H1,2018-09-05 04:00:00,528,1.15971,1.15989,1.15935,1.15954,True,20180905,040000,2018,09,05,04,00,00
169,EUR_USD|H1|20180905|050000,EUR_USD,H1,2018-09-05 05:00:00,1194,1.15954,1.15962,1.15869,1.15939,True,20180905,050000,2018,09,05,05,00,00
170,EUR_USD|H1|20180905|060000,EUR_USD,H1,2018-09-05 06:00:00,2972,1.15939,1.15939,1.15641,1.15649,True,20180905,060000,2018,09,05,06,00,00
171,EUR_USD|H1|20180905|070000,EUR_USD,H1,2018-09-05 07:00:00,4061,1.15649,1.15707,1.15440,1.15564,True,20180905,070000,2018,09,05,07,00,00
172,EUR_USD|H1|20180905|080000,EUR_USD,H1,2018-09-05 08:00:00,2560,1.15564,1.15723,1.15563,1.15695,True,20180905,080000,2018,09,05,08,00,00
173,EUR_USD|H1|20180905|090000,EUR_USD,H1,2018-09-05 09:00:00,3788,1.15695,1.15931,1.15676,1.15754,True,20180905,090000,2018,09,05,09,00,00
174,EUR_USD|H1|20180905|100000,EUR_USD,H1,2018-09-05 10:00:00,2747,1.15754,1.15985,1.15685,1.15954,True,20180905,100000,2018,09,05,10,00,00
175,EUR_USD|H1|20180905|110000,EUR_USD,H1,2018-09-05 11:00:00,1826,1.15954,1.15964,1.15800,1.15800,True,20180905,110000,2018,09,05,11,00,00
176,EUR_USD|H1|20180905|120000,EUR_USD,H1,2018-09-05 12:00:00,2338,1.15800,1.15921,1.15722,1.15857,True,20180905,120000,2018,09,05,12,00,00
177,EUR_USD|H1|20180905|130000,EUR_USD,H1,2018-09-05 13:00:00,9277,1.15857,1.16420,1.15837,1.16277,True,20180905,130000,2018,09,05,13,00,00
178,EUR_USD|H1|20180905|140000,EUR_USD,H1,2018-09-05 14:00:00,4591,1.16277,1.16282,1.16100,1.16261,True,20180905,140000,2018,09,05,14,00,00
179,EUR_USD|H1|20180905|150000,EUR_USD,H1,2018-09-05 15:00:00,5760,1.16261,1.16298,1.16061,1.16191,True,20180905,150000,2018,09,05,15,00,00
180,EUR_USD|H1|20180905|160000,EUR_USD,H1,2018-09-05 16:00:00,2173,1.16191,1.16308,1.16185,1.16219,True,20180905,160000,2018,09,05,16,00,00
181,EUR_USD|H1|20180905|170000,EUR_USD,H1,2018-09-05 17:00:00,1277,1.16219,1.16331,1.16210,1.16225,True,20180905,170000,2018,09,05,17,00,00
182,EUR_USD|H1|20180905|180000,EUR_USD,H1,2018-09-05 18:00:00,978,1.16225,1.16288,1.16210,1.16244,True,20180905,180000,2018,09,05,18,00,00
183,EUR_USD|H1|20180905|190000,EUR_USD,H1,2018-09-05 19:00:00,915,1.16244,1.16333,1.16224,1.16320,True,20180905,190000,2018,09,05,19,00,00
184,EUR_USD|H1|20180905|200000,EUR_USD,H1,2018-09-05 20:00:00,776,1.16320,1.16345,1.16309,1.16317,True,20180905,200000,2018,09,05,20,00,00
185,EUR_USD|H1|20180905|210000,EUR_USD,H1,2018-09-05 21:00:00,950,1.16317,1.16360,1.16317,1.16354,True,20180905,210000,2018,09,05,21,00,00
186,EUR_USD|H1|20180905|220000,EUR_USD,H1,2018-09-05 22:00:00,665,1.16354,1.16361,1.16321,1.16332,True,20180905,220000,2018,09,05,22,00,00
187,EUR_USD|H1|20180905|230000,EUR_USD,H1,2018-09-05 23:00:00,240,1.16332,1.16356,1.16326,1.16350,True,20180905,230000,2018,09,05,23,00,00
188,EUR_USD|H1|20180906|000000,EUR_USD,H1,2018-09-06 00:00:00,2619,1.16350,1.16602,1.16349,1.16459,True,20180906,000000,2018,09,06,00,00,00
189,EUR_USD|H1|20180906|010000,EUR_USD,H1,2018-09-06 01:00:00,1531,1.16459,1.16501,1.16419,1.16452,True,20180906,010000,2018,09,06,01,00,00
190,EUR_USD|H1|20180906|020000,EUR_USD,H1,2018-09-06 02:00:00,1112,1.16452,1.16516,1.16444,1.16476,True,20180906,020000,2018,09,06,02,00,00
191,EUR_USD|H1|20180906|030000,EUR_USD,H1,2018-09-06 03:00:00,1450,1.16476,1.16480,1.16330,1.16352,True,20180906,030000,2018,09,06,03,00,00
192,EUR_USD|H1|20180906|040000,EUR_USD,H1,2018-09-06 04:00:00,631,1.16352,1.16382,1.16306,1.16344,True,20180906,040000,2018,09,06,04,00,00
193,EUR_USD|H1|20180906|050000,EUR_USD,H1,2018-09-06 05:00:00,1510,1.16344,1.16355,1.16200,1.16235,True,20180906,050000,2018,09,06,05,00,00
194,EUR_USD|H1|20180906|060000,EUR_USD,H1,2018-09-06 06:00:00,2144,1.16235,1.16322,1.16151,1.16220,True,20180906,060000,2018,09,06,06,00,00
195,EUR_USD|H1|20180906|070000,EUR_USD,H1,2018-09-06 07:00:00,3437,1.16220,1.16376,1.16146,1.16231,True,20180906,070000,2018,09,06,07,00,00
196,EUR_USD|H1|20180906|080000,EUR_USD,H1,2018-09-06 08:00:00,3487,1.16231,1.16428,1.16222,1.16362,True,20180906,080000,2018,09,06,08,00,00
197,EUR_USD|H1|20180906|090000,EUR_USD,H1,2018-09-06 09:00:00,2737,1.16362,1.16377,1.16170,1.16218,True,20180906,090000,2018,09,06,09,00,00
198,EUR_USD|H1|20180906|100000,EUR_USD,H1,2018-09-06 10:00:00,2088,1.16218,1.16295,1.16173,1.16288,True,20180906,100000,2018,09,06,10,00,00
199,EUR_USD|H1|20180906|110000,EUR_USD,H1,2018-09-06 11:00:00,1852,1.16288,1.16389,1.16263,1.16307,True,20180906,110000,2018,09,06,11,00,00
200,EUR_USD|H1|20180906|120000,EUR_USD,H1,2018-09-06 12:00:00,4077,1.16307,1.16559,1.16281,1.16422,True,20180906,120000,2018,09,06,12,00,00
201,EUR_USD|H1|20180906|130000,EUR_USD,H1,2018-09-06 13:00:00,2460,1.16422,1.16462,1.16319,1.16419,True,20180906,130000,2018,09,06,13,00,00
202,EUR_USD|H1|20180906|140000,EUR_USD,H1,2018-09-06 14:00:00,5150,1.16419,1.16479,1.16251,1.16324,True,20180906,140000,2018,09,06,14,00,00
203,EUR_USD|H1|20180906|150000,EUR_USD,H1,2018-09-06 15:00:00,5132,1.16324,1.16340,1.16063,1.16237,True,20180906,150000,2018,09,06,15,00,00
204,EUR_USD|H1|20180906|160000,EUR_USD,H1,2018-09-06 16:00:00,2023,1.16237,1.16259,1.16134,1.16253,True,20180906,160000,2018,09,06,16,00,00
205,EUR_USD|H1|20180906|170000,EUR_USD,H1,2018-09-06 17:00:00,1509,1.16253,1.16268,1.16150,1.16202,True,20180906,170000,2018,09,06,17,00,00
206,EUR_USD|H1|20180906|180000,EUR_USD,H1,2018-09-06 18:00:00,1934,1.16202,1.16334,1.16198,1.16261,True,20180906,180000,2018,09,06,18,00,00
207,EUR_USD|H1|20180906|190000,EUR_USD,H1,2018-09-06 19:00:00,1205,1.16261,1.16276,1.16218,1.16228,True,20180906,190000,2018,09,06,19,00,00
208,EUR_USD|H1|20180906|200000,EUR_USD,H1,2018-09-06 20:00:00,1127,1.16228,1.16282,1.16200,1.16253,True,20180906,200000,2018,09,06,20,00,00
209,EUR_USD|H1|20180906|210000,EUR_USD,H1,2018-09-06 21:00:00,925,1.16253,1.16269,1.16205,1.16251,True,20180906,210000,2018,09,06,21,00,00
210,EUR_USD|H1|20180906|220000,EUR_USD,H1,2018-09-06 22:00:00,970,1.16251,1.16258,1.16234,1.16256,True,20180906,220000,2018,09,06,22,00,00
211,EUR_USD|H1|20180906|230000,EUR_USD,H1,2018-09-06 23:00:00,623,1.16256,1.16263,1.16202,1.16208,True,20180906,230000,2018,09,06,23,00,00
212,EUR_USD|H1|20180907|000000,EUR_USD,H1,2018-09-07 00:00:00,1779,1.16208,1.16246,1.16157,1.16187,True,20180907,000000,2018,09,07,00,00,00
213,EUR_USD|H1|20180907|010000,EUR_USD,H1,2018-09-07 01:00:00,1688,1.16187,1.16254,1.16149,1.16238,True,20180907,010000,2018,09,07,01,00,00
214,EUR_USD|H1|20180907|020000,EUR_USD,H1,2018-09-07 02:00:00,1303,1.16238,1.16274,1.16186,1.16202,True,20180907,020000,2018,09,07,02,00,00
215,EUR_USD|H1|20180907|030000,EUR_USD,H1,2018-09-07 03:00:00,963,1.16202,1.16248,1.16160,1.16248,True,20180907,030000,2018,09,07,03,00,00
216,EUR_USD|H1|20180907|040000,EUR_USD,H1,2018-09-07 04:00:00,731,1.16248,1.16302,1.16238,1.16298,True,20180907,040000,2018,09,07,04,00,00
217,EUR_USD|H1|20180907|050000,EUR_USD,H1,2018-09-07 05:00:00,912,1.16298,1.16317,1.16220,1.16257,True,20180907,050000,2018,09,07,05,00,00
218,EUR_USD|H1|20180907|060000,EUR_USD,H1,2018-09-07 06:00:00,3980,1.16257,1.16452,1.16147,1.16409,True,20180907,060000,2018,09,07,06,00,00
219,EUR_USD|H1|20180907|070000,EUR_USD,H1,2018-09-07 07:00:00,3174,1.16409,1.16497,1.16331,1.16466,True,20180907,070000,2018,09,07,07,00,00
220,EUR_USD|H1|20180907|080000,EUR_USD,H1,2018-09-07 08:00:00,2141,1.16466,1.16492,1.16411,1.16462,True,20180907,080000,2018,09,07,08,00,00
221,EUR_USD|H1|20180907|090000,EUR_USD,H1,2018-09-07 09:00:00,2095,1.16462,1.16504,1.16322,1.16370,True,20180907,090000,2018,09,07,09,00,00
222,EUR_USD|H1|20180907|100000,EUR_USD,H1,2018-09-07 10:00:00,3356,1.16370,1.16395,1.16233,1.16268,True,20180907,100000,2018,09,07,10,00,00
223,EUR_USD|H1|20180907|110000,EUR_USD,H1,2018-09-07 11:00:00,3438,1.16268,1.16290,1.16007,1.16106,True,20180907,110000,2018,09,07,11,00,00
224,EUR_USD|H1|20180907|120000,EUR_USD,H1,2018-09-07 12:00:00,9343,1.16106,1.16268,1.15675,1.15675,True,20180907,120000,2018,09,07,12,00,00
225,EUR_USD|H1|20180907|130000,EUR_USD,H1,2018-09-07 13:00:00,4414,1.15675,1.15872,1.15622,1.15791,True,20180907,130000,2018,09,07,13,00,00
226,EUR_USD|H1|20180907|140000,EUR_USD,H1,2018-09-07 14:00:00,5125,1.15791,1.15941,1.15733,1.15829,True,20180907,140000,2018,09,07,14,00,00
227,EUR_USD|H1|20180907|150000,EUR_USD,H1,2018-09-07 15:00:00,4600,1.15829,1.15865,1.15712,1.15718,True,20180907,150000,2018,09,07,15,00,00
228,EUR_USD|H1|20180907|160000,EUR_USD,H1,2018-09-07 16:00:00,5495,1.15718,1.15739,1.15566,1.15618,True,20180907,160000,2018,09,07,16,00,00
229,EUR_USD|H1|20180907|170000,EUR_USD,H1,2018-09-07 17:00:00,2392,1.15618,1.15640,1.15512,1.15621,True,20180907,170000,2018,09,07,17,00,00
230,EUR_USD|H1|20180907|180000,EUR_USD,H1,2018-09-07 18:00:00,1444,1.15621,1.15680,1.15602,1.15652,True,20180907,180000,2018,09,07,18,00,00
231,EUR_USD|H1|20180907|190000,EUR_USD,H1,2018-09-07 19:00:00,1029,1.15652,1.15670,1.15593,1.15593,True,20180907,190000,2018,09,07,19,00,00
232,EUR_USD|H1|20180907|200000,EUR_USD,H1,2018-09-07 20:00:00,813,1.15593,1.15623,1.15538,1.15551,True,20180907,200000,2018,09,07,20,00,00
233,EUR_USD|H1|20180909|210000,EUR_USD,H1,2018-09-09 21:00:00,610,1.15551,1.15617,1.15496,1.15530,True,20180909,210000,2018,09,09,21,00,00
234,EUR_USD|H1|20180909|220000,EUR_USD,H1,2018-09-09 22:00:00,1142,1.15530,1.15607,1.15502,1.15561,True,20180909,220000,2018,09,09,22,00,00
235,EUR_USD|H1|20180909|230000,EUR_USD,H1,2018-09-09 23:00:00,379,1.15561,1.15617,1.15552,1.15617,True,20180909,230000,2018,09,09,23,00,00
236,EUR_USD|H1|20180910|000000,EUR_USD,H1,2018-09-10 00:00:00,1124,1.15617,1.15646,1.15552,1.15645,True,20180910,000000,2018,09,10,00,00,00
237,EUR_USD|H1|20180910|010000,EUR_USD,H1,2018-09-10 01:00:00,1581,1.15645,1.15647,1.15502,1.15508,True,20180910,010000,2018,09,10,01,00,00
238,EUR_USD|H1|20180910|020000,EUR_USD,H1,2018-09-10 02:00:00,1050,1.15508,1.15565,1.15479,1.15515,True,20180910,020000,2018,09,10,02,00,00
239,EUR_USD|H1|20180910|030000,EUR_USD,H1,2018-09-10 03:00:00,923,1.15515,1.15538,1.15428,1.15446,True,20180910,030000,2018,09,10,03,00,00
240,EUR_USD|H1|20180910|040000,EUR_USD,H1,2018-09-10 04:00:00,773,1.15446,1.15481,1.15409,1.15481,True,20180910,040000,2018,09,10,04,00,00
241,EUR_USD|H1|20180910|050000,EUR_USD,H1,2018-09-10 05:00:00,497,1.15481,1.15526,1.15449,1.15523,True,20180910,050000,2018,09,10,05,00,00
242,EUR_USD|H1|20180910|060000,EUR_USD,H1,2018-09-10 06:00:00,2319,1.15523,1.15547,1.15270,1.15335,True,20180910,060000,2018,09,10,06,00,00
243,EUR_USD|H1|20180910|070000,EUR_USD,H1,2018-09-10 07:00:00,3079,1.15335,1.15686,1.15335,1.15669,True,20180910,070000,2018,09,10,07,00,00
244,EUR_USD|H1|20180910|080000,EUR_USD,H1,2018-09-10 08:00:00,2464,1.15669,1.15747,1.15627,1.15717,True,20180910,080000,2018,09,10,08,00,00
245,EUR_USD|H1|20180910|090000,EUR_USD,H1,2018-09-10 09:00:00,1703,1.15717,1.15853,1.15692,1.15770,True,20180910,090000,2018,09,10,09,00,00
246,EUR_USD|H1|20180910|100000,EUR_USD,H1,2018-09-10 10:00:00,1408,1.15770,1.15807,1.15728,1.15774,True,20180910,100000,2018,09,10,10,00,00
247,EUR_USD|H1|20180910|110000,EUR_USD,H1,2018-09-10 11:00:00,1443,1.15774,1.15799,1.15702,1.15723,True,20180910,110000,2018,09,10,11,00,00
248,EUR_USD|H1|20180910|120000,EUR_USD,H1,2018-09-10 12:00:00,3110,1.15723,1.16053,1.15694,1.16040,True,20180910,120000,2018,09,10,12,00,00
249,EUR_USD|H1|20180910|130000,EUR_USD,H1,2018-09-10 13:00:00,4597,1.16040,1.16173,1.15977,1.16008,True,20180910,130000,2018,09,10,13,00,00
250,EUR_USD|H1|20180910|140000,EUR_USD,H1,2018-09-10 14:00:00,2894,1.16008,1.16136,1.15984,1.16056,True,20180910,140000,2018,09,10,14,00,00
251,EUR_USD|H1|20180910|150000,EUR_USD,H1,2018-09-10 15:00:00,1911,1.16056,1.16102,1.16021,1.16042,True,20180910,150000,2018,09,10,15,00,00
252,EUR_USD|H1|20180910|160000,EUR_USD,H1,2018-09-10 16:00:00,1062,1.16042,1.16063,1.16005,1.16023,True,20180910,160000,2018,09,10,16,00,00
253,EUR_USD|H1|20180910|170000,EUR_USD,H1,2018-09-10 17:00:00,904,1.16023,1.16039,1.15963,1.15976,True,20180910,170000,2018,09,10,17,00,00
254,EUR_USD|H1|20180910|180000,EUR_USD,H1,2018-09-10 18:00:00,677,1.15976,1.15994,1.15940,1.15973,True,20180910,180000,2018,09,10,18,00,00
255,EUR_USD|H1|20180910|190000,EUR_USD,H1,2018-09-10 19:00:00,629,1.15973,1.15989,1.15931,1.15969,True,20180910,190000,2018,09,10,19,00,00
256,EUR_USD|H1|20180910|200000,EUR_USD,H1,2018-09-10 20:00:00,367,1.15969,1.15992,1.15951,1.15956,True,20180910,200000,2018,09,10,20,00,00
257,EUR_USD|H1|20180910|210000,EUR_USD,H1,2018-09-10 21:00:00,272,1.15956,1.16016,1.15956,1.15975,True,20180910,210000,2018,09,10,21,00,00
258,EUR_USD|H1|20180910|220000,EUR_USD,H1,2018-09-10 22:00:00,492,1.15975,1.15979,1.15937,1.15950,True,20180910,220000,2018,09,10,22,00,00
259,EUR_USD|H1|20180910|230000,EUR_USD,H1,2018-09-10 23:00:00,287,1.15950,1.15965,1.15941,1.15946,True,20180910,230000,2018,09,10,23,00,00
260,EUR_USD|H1|20180911|000000,EUR_USD,H1,2018-09-11 00:00:00,789,1.15946,1.16008,1.15893,1.15897,True,20180911,000000,2018,09,11,00,00,00
261,EUR_USD|H1|20180911|010000,EUR_USD,H1,2018-09-11 01:00:00,1129,1.15897,1.15909,1.15787,1.15875,True,20180911,010000,2018,09,11,01,00,00
262,EUR_USD|H1|20180911|020000,EUR_USD,H1,2018-09-11 02:00:00,577,1.15875,1.15909,1.15840,1.15894,True,20180911,020000,2018,09,11,02,00,00
263,EUR_USD|H1|20180911|030000,EUR_USD,H1,2018-09-11 03:00:00,1153,1.15894,1.16009,1.15894,1.15988,True,20180911,030000,2018,09,11,03,00,00
264,EUR_USD|H1|20180911|040000,EUR_USD,H1,2018-09-11 04:00:00,544,1.15988,1.16048,1.15983,1.16014,True,20180911,040000,2018,09,11,04,00,00
265,EUR_USD|H1|20180911|050000,EUR_USD,H1,2018-09-11 05:00:00,921,1.16014,1.16137,1.15983,1.16137,True,20180911,050000,2018,09,11,05,00,00
266,EUR_USD|H1|20180911|060000,EUR_USD,H1,2018-09-11 06:00:00,1979,1.16137,1.16295,1.16092,1.16262,True,20180911,060000,2018,09,11,06,00,00
267,EUR_USD|H1|20180911|070000,EUR_USD,H1,2018-09-11 07:00:00,3187,1.16262,1.16447,1.16232,1.16313,True,20180911,070000,2018,09,11,07,00,00
268,EUR_USD|H1|20180911|080000,EUR_USD,H1,2018-09-11 08:00:00,3910,1.16313,1.16351,1.16064,1.16156,True,20180911,080000,2018,09,11,08,00,00
269,EUR_USD|H1|20180911|090000,EUR_USD,H1,2018-09-11 09:00:00,2710,1.16156,1.16181,1.15958,1.15967,True,20180911,090000,2018,09,11,09,00,00
270,EUR_USD|H1|20180911|100000,EUR_USD,H1,2018-09-11 10:00:00,2150,1.15967,1.15978,1.15767,1.15853,True,20180911,100000,2018,09,11,10,00,00
271,EUR_USD|H1|20180911|110000,EUR_USD,H1,2018-09-11 11:00:00,1845,1.15853,1.15900,1.15803,1.15814,True,20180911,110000,2018,09,11,11,00,00
272,EUR_USD|H1|20180911|120000,EUR_USD,H1,2018-09-11 12:00:00,4351,1.15814,1.15872,1.15664,1.15788,True,20180911,120000,2018,09,11,12,00,00
273,EUR_USD|H1|20180911|130000,EUR_USD,H1,2018-09-11 13:00:00,3111,1.15788,1.15892,1.15745,1.15811,True,20180911,130000,2018,09,11,13,00,00
274,EUR_USD|H1|20180911|140000,EUR_USD,H1,2018-09-11 14:00:00,3453,1.15811,1.15996,1.15797,1.15845,True,20180911,140000,2018,09,11,14,00,00
275,EUR_USD|H1|20180911|150000,EUR_USD,H1,2018-09-11 15:00:00,2032,1.15845,1.15920,1.15770,1.15919,True,20180911,150000,2018,09,11,15,00,00
276,EUR_USD|H1|20180911|160000,EUR_USD,H1,2018-09-11 16:00:00,1385,1.15919,1.15983,1.15842,1.15887,True,20180911,160000,2018,09,11,16,00,00
277,EUR_USD|H1|20180911|170000,EUR_USD,H1,2018-09-11 17:00:00,1301,1.15887,1.15967,1.15854,1.15915,True,20180911,170000,2018,09,11,17,00,00
278,EUR_USD|H1|20180911|180000,EUR_USD,H1,2018-09-11 18:00:00,872,1.15915,1.15939,1.15854,1.15861,True,20180911,180000,2018,09,11,18,00,00
279,EUR_USD|H1|20180911|190000,EUR_USD,H1,2018-09-11 19:00:00,975,1.15861,1.15924,1.15845,1.15924,True,20180911,190000,2018,09,11,19,00,00
280,EUR_USD|H1|20180911|200000,EUR_USD,H1,2018-09-11 20:00:00,1730,1.15924,1.16134,1.15906,1.16062,True,20180911,200000,2018,09,11,20,00,00
281,EUR_USD|H1|20180911|210000,EUR_USD,H1,2018-09-11 21:00:00,886,1.16062,1.16089,1.15993,1.16021,True,20180911,210000,2018,09,11,21,00,00
282,EUR_USD|H1|20180911|220000,EUR_USD,H1,2018-09-11 22:00:00,453,1.16021,1.16042,1.16015,1.16030,True,20180911,220000,2018,09,11,22,00,00
283,EUR_USD|H1|20180911|230000,EUR_USD,H1,2018-09-11 23:00:00,336,1.16030,1.16049,1.15961,1.15964,True,20180911,230000,2018,09,11,23,00,00
284,EUR_USD|H1|20180912|000000,EUR_USD,H1,2018-09-12 00:00:00,719,1.15964,1.15999,1.15918,1.15983,True,20180912,000000,2018,09,12,00,00,00
285,EUR_USD|H1|20180912|010000,EUR_USD,H1,2018-09-12 01:00:00,512,1.15983,1.15991,1.15890,1.15910,True,20180912,010000,2018,09,12,01,00,00
286,EUR_USD|H1|20180912|020000,EUR_USD,H1,2018-09-12 02:00:00,373,1.15910,1.15950,1.15888,1.15909,True,20180912,020000,2018,09,12,02,00,00
287,EUR_USD|H1|20180912|030000,EUR_USD,H1,2018-09-12 03:00:00,336,1.15909,1.15946,1.15862,1.15862,True,20180912,030000,2018,09,12,03,00,00
288,EUR_USD|H1|20180912|040000,EUR_USD,H1,2018-09-12 04:00:00,363,1.15862,1.15895,1.15838,1.15876,True,20180912,040000,2018,09,12,04,00,00
289,EUR_USD|H1|20180912|050000,EUR_USD,H1,2018-09-12 05:00:00,796,1.15876,1.15914,1.15807,1.15849,True,20180912,050000,2018,09,12,05,00,00
290,EUR_USD|H1|20180912|060000,EUR_USD,H1,2018-09-12 06:00:00,2158,1.15849,1.15980,1.15710,1.15719,True,20180912,060000,2018,09,12,06,00,00
291,EUR_USD|H1|20180912|070000,EUR_USD,H1,2018-09-12 07:00:00,2630,1.15719,1.16050,1.15713,1.15976,True,20180912,070000,2018,09,12,07,00,00
292,EUR_USD|H1|20180912|080000,EUR_USD,H1,2018-09-12 08:00:00,3734,1.15976,1.16057,1.15766,1.15909,True,20180912,080000,2018,09,12,08,00,00
293,EUR_USD|H1|20180912|090000,EUR_USD,H1,2018-09-12 09:00:00,2030,1.15909,1.15998,1.15838,1.15950,True,20180912,090000,2018,09,12,09,00,00
294,EUR_USD|H1|20180912|100000,EUR_USD,H1,2018-09-12 10:00:00,1694,1.15950,1.15960,1.15798,1.15815,True,20180912,100000,2018,09,12,10,00,00
295,EUR_USD|H1|20180912|110000,EUR_USD,H1,2018-09-12 11:00:00,4224,1.15815,1.15942,1.15727,1.15816,True,20180912,110000,2018,09,12,11,00,00
296,EUR_USD|H1|20180912|120000,EUR_USD,H1,2018-09-12 12:00:00,3342,1.15816,1.16005,1.15788,1.15925,True,20180912,120000,2018,09,12,12,00,00
297,EUR_USD|H1|20180912|130000,EUR_USD,H1,2018-09-12 13:00:00,3169,1.15925,1.16013,1.15882,1.15987,True,20180912,130000,2018,09,12,13,00,00
298,EUR_USD|H1|20180912|140000,EUR_USD,H1,2018-09-12 14:00:00,3962,1.15987,1.16260,1.15977,1.16252,True,20180912,140000,2018,09,12,14,00,00
299,EUR_USD|H1|20180912|150000,EUR_USD,H1,2018-09-12 15:00:00,5141,1.16252,1.16508,1.16224,1.16271,True,20180912,150000,2018,09,12,15,00,00
300,EUR_USD|H1|20180912|160000,EUR_USD,H1,2018-09-12 16:00:00,3045,1.16271,1.16301,1.16175,1.16301,True,20180912,160000,2018,09,12,16,00,00
301,EUR_USD|H1|20180912|170000,EUR_USD,H1,2018-09-12 17:00:00,2267,1.16301,1.16412,1.16290,1.16398,True,20180912,170000,2018,09,12,17,00,00
302,EUR_USD|H1|20180912|180000,EUR_USD,H1,2018-09-12 18:00:00,1303,1.16398,1.16398,1.16313,1.16325,True,20180912,180000,2018,09,12,18,00,00
303,EUR_USD|H1|20180912|190000,EUR_USD,H1,2018-09-12 19:00:00,1241,1.16325,1.16326,1.16239,1.16270,True,20180912,190000,2018,09,12,19,00,00
304,EUR_USD|H1|20180912|200000,EUR_USD,H1,2018-09-12 20:00:00,557,1.16270,1.16304,1.16262,1.16286,True,20180912,200000,2018,09,12,20,00,00
305,EUR_USD|H1|20180912|210000,EUR_USD,H1,2018-09-12 21:00:00,863,1.16286,1.16375,1.16272,1.16309,True,20180912,210000,2018,09,12,21,00,00
306,EUR_USD|H1|20180912|220000,EUR_USD,H1,2018-09-12 22:00:00,441,1.16309,1.16348,1.16274,1.16286,True,20180912,220000,2018,09,12,22,00,00
307,EUR_USD|H1|20180912|230000,EUR_USD,H1,2018-09-12 23:00:00,307,1.16286,1.16309,1.16265,1.16266,True,20180912,230000,2018,09,12,23,00,00
308,EUR_USD|H1|20180913|000000,EUR_USD,H1,2018-09-13 00:00:00,808,1.16266,1.16370,1.16259,1.16361,True,20180913,000000,2018,09,13,00,00,00
309,EUR_USD|H1|20180913|010000,EUR_USD,H1,2018-09-13 01:00:00,728,1.16361,1.16440,1.16343,1.16382,True,20180913,010000,2018,09,13,01,00,00
310,EUR_USD|H1|20180913|020000,EUR_USD,H1,2018-09-13 02:00:00,685,1.16382,1.16382,1.16319,1.16357,True,20180913,020000,2018,09,13,02,00,00
311,EUR_USD|H1|20180913|030000,EUR_USD,H1,2018-09-13 03:00:00,508,1.16357,1.16404,1.16327,1.16379,True,20180913,030000,2018,09,13,03,00,00
312,EUR_USD|H1|20180913|040000,EUR_USD,H1,2018-09-13 04:00:00,375,1.16379,1.16401,1.16233,1.16238,True,20180913,040000,2018,09,13,04,00,00
313,EUR_USD|H1|20180913|050000,EUR_USD,H1,2018-09-13 05:00:00,731,1.16238,1.16295,1.16193,1.16212,True,20180913,050000,2018,09,13,05,00,00
314,EUR_USD|H1|20180913|060000,EUR_USD,H1,2018-09-13 06:00:00,1593,1.16212,1.16334,1.16172,1.16253,True,20180913,060000,2018,09,13,06,00,00
315,EUR_USD|H1|20180913|070000,EUR_USD,H1,2018-09-13 07:00:00,2008,1.16253,1.16303,1.16159,1.16159,True,20180913,070000,2018,09,13,07,00,00
316,EUR_USD|H1|20180913|080000,EUR_USD,H1,2018-09-13 08:00:00,1744,1.16159,1.16258,1.16153,1.16154,True,20180913,080000,2018,09,13,08,00,00
317,EUR_USD|H1|20180913|090000,EUR_USD,H1,2018-09-13 09:00:00,2006,1.16154,1.16206,1.16098,1.16181,True,20180913,090000,2018,09,13,09,00,00
318,EUR_USD|H1|20180913|100000,EUR_USD,H1,2018-09-13 10:00:00,1324,1.16181,1.16264,1.16158,1.16204,True,20180913,100000,2018,09,13,10,00,00
319,EUR_USD|H1|20180913|110000,EUR_USD,H1,2018-09-13 11:00:00,3837,1.16204,1.16381,1.16186,1.16223,True,20180913,110000,2018,09,13,11,00,00
320,EUR_USD|H1|20180913|120000,EUR_USD,H1,2018-09-13 12:00:00,8449,1.16223,1.16819,1.16149,1.16796,True,20180913,120000,2018,09,13,12,00,00
321,EUR_USD|H1|20180913|130000,EUR_USD,H1,2018-09-13 13:00:00,5016,1.16796,1.17020,1.16741,1.16922,True,20180913,130000,2018,09,13,13,00,00
322,EUR_USD|H1|20180913|140000,EUR_USD,H1,2018-09-13 14:00:00,5072,1.16922,1.16970,1.16694,1.16765,True,20180913,140000,2018,09,13,14,00,00
323,EUR_USD|H1|20180913|150000,EUR_USD,H1,2018-09-13 15:00:00,2256,1.16765,1.16861,1.16713,1.16719,True,20180913,150000,2018,09,13,15,00,00
324,EUR_USD|H1|20180913|160000,EUR_USD,H1,2018-09-13 16:00:00,1443,1.16719,1.16828,1.16703,1.16789,True,20180913,160000,2018,09,13,16,00,00
325,EUR_USD|H1|20180913|170000,EUR_USD,H1,2018-09-13 17:00:00,1579,1.16789,1.16892,1.16767,1.16844,True,20180913,170000,2018,09,13,17,00,00
326,EUR_USD|H1|20180913|180000,EUR_USD,H1,2018-09-13 18:00:00,1445,1.16844,1.16951,1.16835,1.16929,True,20180913,180000,2018,09,13,18,00,00
327,EUR_USD|H1|20180913|190000,EUR_USD,H1,2018-09-13 19:00:00,1518,1.16929,1.16946,1.16871,1.16895,True,20180913,190000,2018,09,13,19,00,00
328,EUR_USD|H1|20180913|200000,EUR_USD,H1,2018-09-13 20:00:00,585,1.16895,1.16928,1.16893,1.16910,True,20180913,200000,2018,09,13,20,00,00
329,EUR_USD|H1|20180913|210000,EUR_USD,H1,2018-09-13 21:00:00,1012,1.16910,1.16949,1.16895,1.16907,True,20180913,210000,2018,09,13,21,00,00
330,EUR_USD|H1|20180913|220000,EUR_USD,H1,2018-09-13 22:00:00,637,1.16907,1.16959,1.16905,1.16912,True,20180913,220000,2018,09,13,22,00,00
331,EUR_USD|H1|20180913|230000,EUR_USD,H1,2018-09-13 23:00:00,575,1.16912,1.16975,1.16899,1.16917,True,20180913,230000,2018,09,13,23,00,00
332,EUR_USD|H1|20180914|000000,EUR_USD,H1,2018-09-14 00:00:00,824,1.16917,1.16956,1.16883,1.16911,True,20180914,000000,2018,09,14,00,00,00
333,EUR_USD|H1|20180914|010000,EUR_USD,H1,2018-09-14 01:00:00,541,1.16911,1.16939,1.16895,1.16899,True,20180914,010000,2018,09,14,01,00,00
334,EUR_USD|H1|20180914|020000,EUR_USD,H1,2018-09-14 02:00:00,552,1.16899,1.16968,1.16895,1.16931,True,20180914,020000,2018,09,14,02,00,00
335,EUR_USD|H1|20180914|030000,EUR_USD,H1,2018-09-14 03:00:00,446,1.16931,1.16987,1.16931,1.16934,True,20180914,030000,2018,09,14,03,00,00
336,EUR_USD|H1|20180914|040000,EUR_USD,H1,2018-09-14 04:00:00,581,1.16934,1.16975,1.16903,1.16975,True,20180914,040000,2018,09,14,04,00,00
337,EUR_USD|H1|20180914|050000,EUR_USD,H1,2018-09-14 05:00:00,554,1.16975,1.16996,1.16914,1.16933,True,20180914,050000,2018,09,14,05,00,00
338,EUR_USD|H1|20180914|060000,EUR_USD,H1,2018-09-14 06:00:00,2195,1.16933,1.17105,1.16913,1.17063,True,20180914,060000,2018,09,14,06,00,00
339,EUR_USD|H1|20180914|070000,EUR_USD,H1,2018-09-14 07:00:00,2236,1.17063,1.17219,1.16995,1.17204,True,20180914,070000,2018,09,14,07,00,00
340,EUR_USD|H1|20180914|080000,EUR_USD,H1,2018-09-14 08:00:00,2103,1.17204,1.17225,1.17039,1.17068,True,20180914,080000,2018,09,14,08,00,00
341,EUR_USD|H1|20180914|090000,EUR_USD,H1,2018-09-14 09:00:00,2059,1.17068,1.17095,1.16988,1.17000,True,20180914,090000,2018,09,14,09,00,00
342,EUR_USD|H1|20180914|100000,EUR_USD,H1,2018-09-14 10:00:00,1526,1.17000,1.17043,1.16957,1.17022,True,20180914,100000,2018,09,14,10,00,00
343,EUR_USD|H1|20180914|110000,EUR_USD,H1,2018-09-14 11:00:00,2304,1.17022,1.17034,1.16865,1.16877,True,20180914,110000,2018,09,14,11,00,00
344,EUR_USD|H1|20180914|120000,EUR_USD,H1,2018-09-14 12:00:00,6262,1.16877,1.17071,1.16660,1.16680,True,20180914,120000,2018,09,14,12,00,00
345,EUR_USD|H1|20180914|130000,EUR_USD,H1,2018-09-14 13:00:00,3523,1.16680,1.16735,1.16608,1.16682,True,20180914,130000,2018,09,14,13,00,00
346,EUR_USD|H1|20180914|140000,EUR_USD,H1,2018-09-14 14:00:00,3873,1.16682,1.16726,1.16556,1.16675,True,20180914,140000,2018,09,14,14,00,00
347,EUR_USD|H1|20180914|150000,EUR_USD,H1,2018-09-14 15:00:00,2215,1.16675,1.16680,1.16547,1.16563,True,20180914,150000,2018,09,14,15,00,00
348,EUR_USD|H1|20180914|160000,EUR_USD,H1,2018-09-14 16:00:00,4534,1.16563,1.16579,1.16268,1.16385,True,20180914,160000,2018,09,14,16,00,00
349,EUR_USD|H1|20180914|170000,EUR_USD,H1,2018-09-14 17:00:00,2211,1.16385,1.16401,1.16262,1.16340,True,20180914,170000,2018,09,14,17,00,00
350,EUR_USD|H1|20180914|180000,EUR_USD,H1,2018-09-14 18:00:00,962,1.16340,1.16346,1.16241,1.16331,True,20180914,180000,2018,09,14,18,00,00
351,EUR_USD|H1|20180914|190000,EUR_USD,H1,2018-09-14 19:00:00,808,1.16331,1.16346,1.16214,1.16251,True,20180914,190000,2018,09,14,19,00,00
352,EUR_USD|H1|20180914|200000,EUR_USD,H1,2018-09-14 20:00:00,993,1.16251,1.16292,1.16219,1.16280,True,20180914,200000,2018,09,14,20,00,00
353,EUR_USD|H1|20180916|210000,EUR_USD,H1,2018-09-16 21:00:00,437,1.16280,1.16364,1.16264,1.16287,True,20180916,210000,2018,09,16,21,00,00
354,EUR_USD|H1|20180916|220000,EUR_USD,H1,2018-09-16 22:00:00,591,1.16287,1.16314,1.16240,1.16263,True,20180916,220000,2018,09,16,22,00,00
355,EUR_USD|H1|20180916|230000,EUR_USD,H1,2018-09-16 23:00:00,245,1.16263,1.16278,1.16227,1.16246,True,20180916,230000,2018,09,16,23,00,00
356,EUR_USD|H1|20180917|000000,EUR_USD,H1,2018-09-17 00:00:00,597,1.16246,1.16313,1.16231,1.16302,True,20180917,000000,2018,09,17,00,00,00
357,EUR_USD|H1|20180917|010000,EUR_USD,H1,2018-09-17 01:00:00,602,1.16302,1.16350,1.16293,1.16297,True,20180917,010000,2018,09,17,01,00,00
358,EUR_USD|H1|20180917|020000,EUR_USD,H1,2018-09-17 02:00:00,550,1.16297,1.16365,1.16262,1.16363,True,20180917,020000,2018,09,17,02,00,00
359,EUR_USD|H1|20180917|030000,EUR_USD,H1,2018-09-17 03:00:00,405,1.16363,1.16374,1.16324,1.16367,True,20180917,030000,2018,09,17,03,00,00
360,EUR_USD|H1|20180917|040000,EUR_USD,H1,2018-09-17 04:00:00,494,1.16367,1.16380,1.16320,1.16373,True,20180917,040000,2018,09,17,04,00,00
361,EUR_USD|H1|20180917|050000,EUR_USD,H1,2018-09-17 05:00:00,633,1.16373,1.16392,1.16318,1.16381,True,20180917,050000,2018,09,17,05,00,00
362,EUR_USD|H1|20180917|060000,EUR_USD,H1,2018-09-17 06:00:00,1567,1.16381,1.16412,1.16262,1.16292,True,20180917,060000,2018,09,17,06,00,00
363,EUR_USD|H1|20180917|070000,EUR_USD,H1,2018-09-17 07:00:00,2266,1.16292,1.16477,1.16185,1.16466,True,20180917,070000,2018,09,17,07,00,00
364,EUR_USD|H1|20180917|080000,EUR_USD,H1,2018-09-17 08:00:00,2064,1.16466,1.16615,1.16458,1.16550,True,20180917,080000,2018,09,17,08,00,00
365,EUR_USD|H1|20180917|090000,EUR_USD,H1,2018-09-17 09:00:00,1761,1.16550,1.16571,1.16478,1.16502,True,20180917,090000,2018,09,17,09,00,00
366,EUR_USD|H1|20180917|100000,EUR_USD,H1,2018-09-17 10:00:00,2037,1.16502,1.16653,1.16486,1.16624,True,20180917,100000,2018,09,17,10,00,00
367,EUR_USD|H1|20180917|110000,EUR_USD,H1,2018-09-17 11:00:00,1834,1.16624,1.16673,1.16576,1.16661,True,20180917,110000,2018,09,17,11,00,00
368,EUR_USD|H1|20180917|120000,EUR_USD,H1,2018-09-17 12:00:00,2818,1.16661,1.16872,1.16651,1.16853,True,20180917,120000,2018,09,17,12,00,00
369,EUR_USD|H1|20180917|130000,EUR_USD,H1,2018-09-17 13:00:00,2683,1.16853,1.16959,1.16821,1.16944,True,20180917,130000,2018,09,17,13,00,00
370,EUR_USD|H1|20180917|140000,EUR_USD,H1,2018-09-17 14:00:00,2506,1.16944,1.16953,1.16862,1.16908,True,20180917,140000,2018,09,17,14,00,00
371,EUR_USD|H1|20180917|150000,EUR_USD,H1,2018-09-17 15:00:00,2038,1.16908,1.16941,1.16830,1.16853,True,20180917,150000,2018,09,17,15,00,00
372,EUR_USD|H1|20180917|160000,EUR_USD,H1,2018-09-17 16:00:00,1459,1.16853,1.16985,1.16853,1.16968,True,20180917,160000,2018,09,17,16,00,00
373,EUR_USD|H1|20180917|170000,EUR_USD,H1,2018-09-17 17:00:00,1386,1.16968,1.16987,1.16849,1.16894,True,20180917,170000,2018,09,17,17,00,00
374,EUR_USD|H1|20180917|180000,EUR_USD,H1,2018-09-17 18:00:00,755,1.16894,1.16907,1.16854,1.16871,True,20180917,180000,2018,09,17,18,00,00
375,EUR_USD|H1|20180917|190000,EUR_USD,H1,2018-09-17 19:00:00,1169,1.16871,1.16876,1.16828,1.16846,True,20180917,190000,2018,09,17,19,00,00
376,EUR_USD|H1|20180917|200000,EUR_USD,H1,2018-09-17 20:00:00,524,1.16846,1.16875,1.16839,1.16853,True,20180917,200000,2018,09,17,20,00,00
377,EUR_USD|H1|20180917|210000,EUR_USD,H1,2018-09-17 21:00:00,771,1.16853,1.16924,1.16847,1.16859,True,20180917,210000,2018,09,17,21,00,00
378,EUR_USD|H1|20180917|220000,EUR_USD,H1,2018-09-17 22:00:00,2122,1.16859,1.16891,1.16712,1.16716,True,20180917,220000,2018,09,17,22,00,00
379,EUR_USD|H1|20180917|230000,EUR_USD,H1,2018-09-17 23:00:00,840,1.16716,1.16746,1.16674,1.16694,True,20180917,230000,2018,09,17,23,00,00
380,EUR_USD|H1|20180918|000000,EUR_USD,H1,2018-09-18 00:00:00,1071,1.16694,1.16789,1.16687,1.16749,True,20180918,000000,2018,09,18,00,00,00
381,EUR_USD|H1|20180918|010000,EUR_USD,H1,2018-09-18 01:00:00,1348,1.16749,1.16831,1.16729,1.16807,True,20180918,010000,2018,09,18,01,00,00
382,EUR_USD|H1|20180918|020000,EUR_USD,H1,2018-09-18 02:00:00,834,1.16807,1.16855,1.16771,1.16820,True,20180918,020000,2018,09,18,02,00,00
383,EUR_USD|H1|20180918|030000,EUR_USD,H1,2018-09-18 03:00:00,2647,1.16820,1.17040,1.16820,1.16964,True,20180918,030000,2018,09,18,03,00,00
384,EUR_USD|H1|20180918|040000,EUR_USD,H1,2018-09-18 04:00:00,1135,1.16964,1.17028,1.16900,1.16914,True,20180918,040000,2018,09,18,04,00,00
385,EUR_USD|H1|20180918|050000,EUR_USD,H1,2018-09-18 05:00:00,1696,1.16914,1.17025,1.16859,1.17001,True,20180918,050000,2018,09,18,05,00,00
386,EUR_USD|H1|20180918|060000,EUR_USD,H1,2018-09-18 06:00:00,3573,1.17001,1.17185,1.16966,1.17007,True,20180918,060000,2018,09,18,06,00,00
387,EUR_USD|H1|20180918|070000,EUR_USD,H1,2018-09-18 07:00:00,4467,1.17007,1.17009,1.16739,1.16822,True,20180918,070000,2018,09,18,07,00,00
388,EUR_USD|H1|20180918|080000,EUR_USD,H1,2018-09-18 08:00:00,2112,1.16822,1.16905,1.16778,1.16878,True,20180918,080000,2018,09,18,08,00,00
389,EUR_USD|H1|20180918|090000,EUR_USD,H1,2018-09-18 09:00:00,1943,1.16878,1.16935,1.16774,1.16778,True,20180918,090000,2018,09,18,09,00,00
390,EUR_USD|H1|20180918|100000,EUR_USD,H1,2018-09-18 10:00:00,1944,1.16778,1.16869,1.16726,1.16835,True,20180918,100000,2018,09,18,10,00,00
391,EUR_USD|H1|20180918|110000,EUR_USD,H1,2018-09-18 11:00:00,2437,1.16835,1.17086,1.16794,1.17069,True,20180918,110000,2018,09,18,11,00,00
392,EUR_USD|H1|20180918|120000,EUR_USD,H1,2018-09-18 12:00:00,3622,1.17069,1.17107,1.16869,1.17071,True,20180918,120000,2018,09,18,12,00,00
393,EUR_USD|H1|20180918|130000,EUR_USD,H1,2018-09-18 13:00:00,4316,1.17071,1.17257,1.17043,1.17049,True,20180918,130000,2018,09,18,13,00,00
394,EUR_USD|H1|20180918|140000,EUR_USD,H1,2018-09-18 14:00:00,4342,1.17049,1.17084,1.16888,1.17007,True,20180918,140000,2018,09,18,14,00,00
395,EUR_USD|H1|20180918|150000,EUR_USD,H1,2018-09-18 15:00:00,2466,1.17007,1.17029,1.16829,1.16943,True,20180918,150000,2018,09,18,15,00,00
396,EUR_USD|H1|20180918|160000,EUR_USD,H1,2018-09-18 16:00:00,3132,1.16943,1.16956,1.16556,1.16605,True,20180918,160000,2018,09,18,16,00,00
397,EUR_USD|H1|20180918|170000,EUR_USD,H1,2018-09-18 17:00:00,1645,1.16605,1.16672,1.16526,1.16662,True,20180918,170000,2018,09,18,17,00,00
398,EUR_USD|H1|20180918|180000,EUR_USD,H1,2018-09-18 18:00:00,1012,1.16662,1.16733,1.16649,1.16673,True,20180918,180000,2018,09,18,18,00,00
399,EUR_USD|H1|20180918|190000,EUR_USD,H1,2018-09-18 19:00:00,809,1.16673,1.16706,1.16596,1.16700,True,20180918,190000,2018,09,18,19,00,00
400,EUR_USD|H1|20180918|200000,EUR_USD,H1,2018-09-18 20:00:00,584,1.16700,1.16748,1.16672,1.16703,True,20180918,200000,2018,09,18,20,00,00
401,EUR_USD|H1|20180918|210000,EUR_USD,H1,2018-09-18 21:00:00,1634,1.16703,1.16747,1.16662,1.16739,True,20180918,210000,2018,09,18,21,00,00
402,EUR_USD|H1|20180918|220000,EUR_USD,H1,2018-09-18 22:00:00,906,1.16739,1.16836,1.16704,1.16800,True,20180918,220000,2018,09,18,22,00,00
403,EUR_USD|H1|20180918|230000,EUR_USD,H1,2018-09-18 23:00:00,206,1.16800,1.16825,1.16784,1.16788,True,20180918,230000,2018,09,18,23,00,00
404,EUR_USD|H1|20180919|000000,EUR_USD,H1,2018-09-19 00:00:00,819,1.16788,1.16795,1.16682,1.16683,True,20180919,000000,2018,09,19,00,00,00
405,EUR_USD|H1|20180919|010000,EUR_USD,H1,2018-09-19 01:00:00,945,1.16683,1.16707,1.16564,1.16591,True,20180919,010000,2018,09,19,01,00,00
406,EUR_USD|H1|20180919|020000,EUR_USD,H1,2018-09-19 02:00:00,718,1.16591,1.16665,1.16583,1.16659,True,20180919,020000,2018,09,19,02,00,00
407,EUR_USD|H1|20180919|030000,EUR_USD,H1,2018-09-19 03:00:00,1492,1.16659,1.16776,1.16642,1.16747,True,20180919,030000,2018,09,19,03,00,00
408,EUR_USD|H1|20180919|040000,EUR_USD,H1,2018-09-19 04:00:00,645,1.16747,1.16780,1.16712,1.16761,True,20180919,040000,2018,09,19,04,00,00
409,EUR_USD|H1|20180919|050000,EUR_USD,H1,2018-09-19 05:00:00,1141,1.16761,1.16883,1.16750,1.16881,True,20180919,050000,2018,09,19,05,00,00
410,EUR_USD|H1|20180919|060000,EUR_USD,H1,2018-09-19 06:00:00,2006,1.16881,1.16881,1.16756,1.16786,True,20180919,060000,2018,09,19,06,00,00
411,EUR_USD|H1|20180919|070000,EUR_USD,H1,2018-09-19 07:00:00,3072,1.16786,1.17060,1.16742,1.17018,True,20180919,070000,2018,09,19,07,00,00
412,EUR_USD|H1|20180919|080000,EUR_USD,H1,2018-09-19 08:00:00,3658,1.17018,1.17160,1.16977,1.17032,True,20180919,080000,2018,09,19,08,00,00
413,EUR_USD|H1|20180919|090000,EUR_USD,H1,2018-09-19 09:00:00,2398,1.17032,1.17067,1.16969,1.16988,True,20180919,090000,2018,09,19,09,00,00
414,EUR_USD|H1|20180919|100000,EUR_USD,H1,2018-09-19 10:00:00,1876,1.16988,1.17007,1.16903,1.16903,True,20180919,100000,2018,09,19,10,00,00
415,EUR_USD|H1|20180919|110000,EUR_USD,H1,2018-09-19 11:00:00,4144,1.16903,1.16945,1.16710,1.16781,True,20180919,110000,2018,09,19,11,00,00
416,EUR_USD|H1|20180919|120000,EUR_USD,H1,2018-09-19 12:00:00,2898,1.16781,1.16805,1.16614,1.16758,True,20180919,120000,2018,09,19,12,00,00
417,EUR_USD|H1|20180919|130000,EUR_USD,H1,2018-09-19 13:00:00,3121,1.16758,1.16787,1.16587,1.16633,True,20180919,130000,2018,09,19,13,00,00
418,EUR_USD|H1|20180919|140000,EUR_USD,H1,2018-09-19 14:00:00,4454,1.16633,1.16772,1.16507,1.16686,True,20180919,140000,2018,09,19,14,00,00
419,EUR_USD|H1|20180919|150000,EUR_USD,H1,2018-09-19 15:00:00,3336,1.16686,1.16938,1.16686,1.16877,True,20180919,150000,2018,09,19,15,00,00
420,EUR_USD|H1|20180919|160000,EUR_USD,H1,2018-09-19 16:00:00,1677,1.16877,1.16915,1.16803,1.16835,True,20180919,160000,2018,09,19,16,00,00
421,EUR_USD|H1|20180919|170000,EUR_USD,H1,2018-09-19 17:00:00,1962,1.16835,1.16837,1.16702,1.16747,True,20180919,170000,2018,09,19,17,00,00
422,EUR_USD|H1|20180919|180000,EUR_USD,H1,2018-09-19 18:00:00,607,1.16747,1.16774,1.16722,1.16744,True,20180919,180000,2018,09,19,18,00,00
423,EUR_USD|H1|20180919|190000,EUR_USD,H1,2018-09-19 19:00:00,533,1.16744,1.16764,1.16739,1.16739,True,20180919,190000,2018,09,19,19,00,00
424,EUR_USD|H1|20180919|200000,EUR_USD,H1,2018-09-19 20:00:00,593,1.16739,1.16784,1.16729,1.16729,True,20180919,200000,2018,09,19,20,00,00
425,EUR_USD|H1|20180919|210000,EUR_USD,H1,2018-09-19 21:00:00,5729,1.16729,1.16795,1.16720,1.16746,True,20180919,210000,2018,09,19,21,00,00
426,EUR_USD|H1|20180919|220000,EUR_USD,H1,2018-09-19 22:00:00,2758,1.16746,1.16773,1.16702,1.16717,True,20180919,220000,2018,09,19,22,00,00
427,EUR_USD|H1|20180919|230000,EUR_USD,H1,2018-09-19 23:00:00,1030,1.16717,1.16753,1.16696,1.16746,True,20180919,230000,2018,09,19,23,00,00
428,EUR_USD|H1|20180920|000000,EUR_USD,H1,2018-09-20 00:00:00,733,1.16746,1.16827,1.16728,1.16815,True,20180920,000000,2018,09,20,00,00,00
429,EUR_USD|H1|20180920|010000,EUR_USD,H1,2018-09-20 01:00:00,772,1.16815,1.16860,1.16770,1.16852,True,20180920,010000,2018,09,20,01,00,00
430,EUR_USD|H1|20180920|020000,EUR_USD,H1,2018-09-20 02:00:00,609,1.16852,1.16853,1.16806,1.16844,True,20180920,020000,2018,09,20,02,00,00
431,EUR_USD|H1|20180920|030000,EUR_USD,H1,2018-09-20 03:00:00,472,1.16844,1.16875,1.16794,1.16794,True,20180920,030000,2018,09,20,03,00,00
432,EUR_USD|H1|20180920|040000,EUR_USD,H1,2018-09-20 04:00:00,492,1.16794,1.16867,1.16782,1.16792,True,20180920,040000,2018,09,20,04,00,00
433,EUR_USD|H1|20180920|050000,EUR_USD,H1,2018-09-20 05:00:00,708,1.16792,1.16857,1.16781,1.16845,True,20180920,050000,2018,09,20,05,00,00
434,EUR_USD|H1|20180920|060000,EUR_USD,H1,2018-09-20 06:00:00,1991,1.16845,1.16943,1.16801,1.16845,True,20180920,060000,2018,09,20,06,00,00
435,EUR_USD|H1|20180920|070000,EUR_USD,H1,2018-09-20 07:00:00,2956,1.16845,1.17053,1.16845,1.16976,True,20180920,070000,2018,09,20,07,00,00
436,EUR_USD|H1|20180920|080000,EUR_USD,H1,2018-09-20 08:00:00,3193,1.16976,1.17097,1.16862,1.16924,True,20180920,080000,2018,09,20,08,00,00
437,EUR_USD|H1|20180920|090000,EUR_USD,H1,2018-09-20 09:00:00,2257,1.16924,1.17096,1.16869,1.17045,True,20180920,090000,2018,09,20,09,00,00
438,EUR_USD|H1|20180920|100000,EUR_USD,H1,2018-09-20 10:00:00,3001,1.17045,1.17214,1.16983,1.17213,True,20180920,100000,2018,09,20,10,00,00
439,EUR_USD|H1|20180920|110000,EUR_USD,H1,2018-09-20 11:00:00,4326,1.17213,1.17661,1.17151,1.17590,True,20180920,110000,2018,09,20,11,00,00
440,EUR_USD|H1|20180920|120000,EUR_USD,H1,2018-09-20 12:00:00,5575,1.17590,1.17787,1.17590,1.17707,True,20180920,120000,2018,09,20,12,00,00
441,EUR_USD|H1|20180920|130000,EUR_USD,H1,2018-09-20 13:00:00,4600,1.17707,1.17777,1.17447,1.17579,True,20180920,130000,2018,09,20,13,00,00
442,EUR_USD|H1|20180920|140000,EUR_USD,H1,2018-09-20 14:00:00,3227,1.17579,1.17647,1.17456,1.17504,True,20180920,140000,2018,09,20,14,00,00
443,EUR_USD|H1|20180920|150000,EUR_USD,H1,2018-09-20 15:00:00,2742,1.17504,1.17614,1.17420,1.17435,True,20180920,150000,2018,09,20,15,00,00
444,EUR_USD|H1|20180920|160000,EUR_USD,H1,2018-09-20 16:00:00,1896,1.17435,1.17594,1.17395,1.17586,True,20180920,160000,2018,09,20,16,00,00
445,EUR_USD|H1|20180920|170000,EUR_USD,H1,2018-09-20 17:00:00,2191,1.17586,1.17747,1.17581,1.17703,True,20180920,170000,2018,09,20,17,00,00
446,EUR_USD|H1|20180920|180000,EUR_USD,H1,2018-09-20 18:00:00,1148,1.17703,1.17775,1.17668,1.17769,True,20180920,180000,2018,09,20,18,00,00
447,EUR_USD|H1|20180920|190000,EUR_USD,H1,2018-09-20 19:00:00,1269,1.17769,1.17853,1.17755,1.17792,True,20180920,190000,2018,09,20,19,00,00
448,EUR_USD|H1|20180920|200000,EUR_USD,H1,2018-09-20 20:00:00,604,1.17792,1.17841,1.17774,1.17787,True,20180920,200000,2018,09,20,20,00,00
449,EUR_USD|H1|20180920|210000,EUR_USD,H1,2018-09-20 21:00:00,1352,1.17787,1.17824,1.17755,1.17787,True,20180920,210000,2018,09,20,21,00,00
450,EUR_USD|H1|20180920|220000,EUR_USD,H1,2018-09-20 22:00:00,503,1.17787,1.17809,1.17771,1.17801,True,20180920,220000,2018,09,20,22,00,00
451,EUR_USD|H1|20180920|230000,EUR_USD,H1,2018-09-20 23:00:00,301,1.17801,1.17811,1.17754,1.17762,True,20180920,230000,2018,09,20,23,00,00
452,EUR_USD|H1|20180921|000000,EUR_USD,H1,2018-09-21 00:00:00,938,1.17762,1.17853,1.17760,1.17840,True,20180921,000000,2018,09,21,00,00,00
453,EUR_USD|H1|20180921|010000,EUR_USD,H1,2018-09-21 01:00:00,880,1.17840,1.17850,1.17769,1.17773,True,20180921,010000,2018,09,21,01,00,00
454,EUR_USD|H1|20180921|020000,EUR_USD,H1,2018-09-21 02:00:00,779,1.17773,1.17841,1.17773,1.17827,True,20180921,020000,2018,09,21,02,00,00
455,EUR_USD|H1|20180921|030000,EUR_USD,H1,2018-09-21 03:00:00,794,1.17827,1.17865,1.17803,1.17847,True,20180921,030000,2018,09,21,03,00,00
456,EUR_USD|H1|20180921|040000,EUR_USD,H1,2018-09-21 04:00:00,566,1.17847,1.17876,1.17785,1.17792,True,20180921,040000,2018,09,21,04,00,00
457,EUR_USD|H1|20180921|050000,EUR_USD,H1,2018-09-21 05:00:00,894,1.17792,1.17858,1.17792,1.17855,True,20180921,050000,2018,09,21,05,00,00
458,EUR_USD|H1|20180921|060000,EUR_USD,H1,2018-09-21 06:00:00,2512,1.17855,1.17901,1.17735,1.17853,True,20180921,060000,2018,09,21,06,00,00
459,EUR_USD|H1|20180921|070000,EUR_USD,H1,2018-09-21 07:00:00,7190,1.17853,1.18037,1.17698,1.17739,True,20180921,070000,2018,09,21,07,00,00
460,EUR_USD|H1|20180921|080000,EUR_USD,H1,2018-09-21 08:00:00,3959,1.17739,1.17980,1.17718,1.17937,True,20180921,080000,2018,09,21,08,00,00
461,EUR_USD|H1|20180921|090000,EUR_USD,H1,2018-09-21 09:00:00,2996,1.17937,1.17942,1.17770,1.17778,True,20180921,090000,2018,09,21,09,00,00
462,EUR_USD|H1|20180921|100000,EUR_USD,H1,2018-09-21 10:00:00,2544,1.17778,1.17807,1.17618,1.17625,True,20180921,100000,2018,09,21,10,00,00
463,EUR_USD|H1|20180921|110000,EUR_USD,H1,2018-09-21 11:00:00,2198,1.17625,1.17704,1.17558,1.17599,True,20180921,110000,2018,09,21,11,00,00
464,EUR_USD|H1|20180921|120000,EUR_USD,H1,2018-09-21 12:00:00,3938,1.17599,1.17681,1.17520,1.17585,True,20180921,120000,2018,09,21,12,00,00
465,EUR_USD|H1|20180921|130000,EUR_USD,H1,2018-09-21 13:00:00,5432,1.17585,1.17606,1.17337,1.17428,True,20180921,130000,2018,09,21,13,00,00
466,EUR_USD|H1|20180921|140000,EUR_USD,H1,2018-09-21 14:00:00,3378,1.17428,1.17676,1.17421,1.17597,True,20180921,140000,2018,09,21,14,00,00
467,EUR_USD|H1|20180921|150000,EUR_USD,H1,2018-09-21 15:00:00,2646,1.17597,1.17614,1.17358,1.17392,True,20180921,150000,2018,09,21,15,00,00
468,EUR_USD|H1|20180921|160000,EUR_USD,H1,2018-09-21 16:00:00,1819,1.17392,1.17460,1.17351,1.17427,True,20180921,160000,2018,09,21,16,00,00
469,EUR_USD|H1|20180921|170000,EUR_USD,H1,2018-09-21 17:00:00,1076,1.17427,1.17476,1.17400,1.17436,True,20180921,170000,2018,09,21,17,00,00
470,EUR_USD|H1|20180921|180000,EUR_USD,H1,2018-09-21 18:00:00,819,1.17436,1.17493,1.17421,1.17482,True,20180921,180000,2018,09,21,18,00,00
471,EUR_USD|H1|20180921|190000,EUR_USD,H1,2018-09-21 19:00:00,641,1.17482,1.17521,1.17463,1.17500,True,20180921,190000,2018,09,21,19,00,00
472,EUR_USD|H1|20180921|200000,EUR_USD,H1,2018-09-21 20:00:00,827,1.17500,1.17579,1.17479,1.17512,True,20180921,200000,2018,09,21,20,00,00
473,EUR_USD|H1|20180923|210000,EUR_USD,H1,2018-09-23 21:00:00,738,1.17512,1.17553,1.17426,1.17468,True,20180923,210000,2018,09,23,21,00,00
474,EUR_USD|H1|20180923|220000,EUR_USD,H1,2018-09-23 22:00:00,488,1.17468,1.17499,1.17461,1.17468,True,20180923,220000,2018,09,23,22,00,00
475,EUR_USD|H1|20180923|230000,EUR_USD,H1,2018-09-23 23:00:00,251,1.17468,1.17513,1.17456,1.17496,True,20180923,230000,2018,09,23,23,00,00
476,EUR_USD|H1|20180924|000000,EUR_USD,H1,2018-09-24 00:00:00,588,1.17496,1.17537,1.17473,1.17479,True,20180924,000000,2018,09,24,00,00,00
477,EUR_USD|H1|20180924|010000,EUR_USD,H1,2018-09-24 01:00:00,754,1.17479,1.17486,1.17381,1.17400,True,20180924,010000,2018,09,24,01,00,00
478,EUR_USD|H1|20180924|020000,EUR_USD,H1,2018-09-24 02:00:00,408,1.17400,1.17433,1.17379,1.17404,True,20180924,020000,2018,09,24,02,00,00
479,EUR_USD|H1|20180924|030000,EUR_USD,H1,2018-09-24 03:00:00,349,1.17404,1.17429,1.17391,1.17429,True,20180924,030000,2018,09,24,03,00,00
480,EUR_USD|H1|20180924|040000,EUR_USD,H1,2018-09-24 04:00:00,236,1.17429,1.17454,1.17401,1.17441,True,20180924,040000,2018,09,24,04,00,00
481,EUR_USD|H1|20180924|050000,EUR_USD,H1,2018-09-24 05:00:00,1239,1.17441,1.17493,1.17330,1.17333,True,20180924,050000,2018,09,24,05,00,00
482,EUR_USD|H1|20180924|060000,EUR_USD,H1,2018-09-24 06:00:00,2171,1.17333,1.17389,1.17248,1.17369,True,20180924,060000,2018,09,24,06,00,00
483,EUR_USD|H1|20180924|070000,EUR_USD,H1,2018-09-24 07:00:00,2809,1.17369,1.17497,1.17354,1.17414,True,20180924,070000,2018,09,24,07,00,00
484,EUR_USD|H1|20180924|080000,EUR_USD,H1,2018-09-24 08:00:00,3355,1.17414,1.17692,1.17403,1.17684,True,20180924,080000,2018,09,24,08,00,00
485,EUR_USD|H1|20180924|090000,EUR_USD,H1,2018-09-24 09:00:00,1918,1.17684,1.17744,1.17641,1.17702,True,20180924,090000,2018,09,24,09,00,00
486,EUR_USD|H1|20180924|100000,EUR_USD,H1,2018-09-24 10:00:00,1830,1.17702,1.17758,1.17632,1.17646,True,20180924,100000,2018,09,24,10,00,00
487,EUR_USD|H1|20180924|110000,EUR_USD,H1,2018-09-24 11:00:00,1701,1.17646,1.17717,1.17631,1.17641,True,20180924,110000,2018,09,24,11,00,00
488,EUR_USD|H1|20180924|120000,EUR_USD,H1,2018-09-24 12:00:00,2208,1.17641,1.17739,1.17526,1.17526,True,20180924,120000,2018,09,24,12,00,00
489,EUR_USD|H1|20180924|130000,EUR_USD,H1,2018-09-24 13:00:00,7729,1.17526,1.18157,1.17502,1.17993,True,20180924,130000,2018,09,24,13,00,00
490,EUR_USD|H1|20180924|140000,EUR_USD,H1,2018-09-24 14:00:00,4198,1.17993,1.18011,1.17763,1.17885,True,20180924,140000,2018,09,24,14,00,00
491,EUR_USD|H1|20180924|150000,EUR_USD,H1,2018-09-24 15:00:00,3426,1.17885,1.17923,1.17557,1.17735,True,20180924,150000,2018,09,24,15,00,00
492,EUR_USD|H1|20180924|160000,EUR_USD,H1,2018-09-24 16:00:00,1154,1.17735,1.17765,1.17654,1.17660,True,20180924,160000,2018,09,24,16,00,00
493,EUR_USD|H1|20180924|170000,EUR_USD,H1,2018-09-24 17:00:00,1143,1.17660,1.17665,1.17535,1.17596,True,20180924,170000,2018,09,24,17,00,00
494,EUR_USD|H1|20180924|180000,EUR_USD,H1,2018-09-24 18:00:00,782,1.17596,1.17616,1.17552,1.17589,True,20180924,180000,2018,09,24,18,00,00
495,EUR_USD|H1|20180924|190000,EUR_USD,H1,2018-09-24 19:00:00,645,1.17589,1.17605,1.17451,1.17465,True,20180924,190000,2018,09,24,19,00,00
496,EUR_USD|H1|20180924|200000,EUR_USD,H1,2018-09-24 20:00:00,475,1.17465,1.17523,1.17460,1.17484,True,20180924,200000,2018,09,24,20,00,00
497,EUR_USD|H1|20180924|210000,EUR_USD,H1,2018-09-24 21:00:00,1090,1.17484,1.17581,1.17482,1.17520,True,20180924,210000,2018,09,24,21,00,00
498,EUR_USD|H1|20180924|220000,EUR_USD,H1,2018-09-24 22:00:00,457,1.17520,1.17521,1.17467,1.17509,True,20180924,220000,2018,09,24,22,00,00
499,EUR_USD|H1|20180924|230000,EUR_USD,H1,2018-09-24 23:00:00,385,1.17509,1.17549,1.17498,1.17538,True,20180924,230000,2018,09,24,23,00,00
500,EUR_USD|H1|20180925|000000,EUR_USD,H1,2018-09-25 00:00:00,814,1.17538,1.17597,1.17519,1.17527,True,20180925,000000,2018,09,25,00,00,00
501,EUR_USD|H1|20180925|010000,EUR_USD,H1,2018-09-25 01:00:00,825,1.17527,1.17568,1.17418,1.17432,True,20180925,010000,2018,09,25,01,00,00
502,EUR_USD|H1|20180925|020000,EUR_USD,H1,2018-09-25 02:00:00,1212,1.17432,1.17434,1.17316,1.17390,True,20180925,020000,2018,09,25,02,00,00
503,EUR_USD|H1|20180925|030000,EUR_USD,H1,2018-09-25 03:00:00,549,1.17390,1.17419,1.17353,1.17411,True,20180925,030000,2018,09,25,03,00,00
504,EUR_USD|H1|20180925|040000,EUR_USD,H1,2018-09-25 04:00:00,589,1.17411,1.17443,1.17380,1.17420,True,20180925,040000,2018,09,25,04,00,00
505,EUR_USD|H1|20180925|050000,EUR_USD,H1,2018-09-25 05:00:00,872,1.17420,1.17495,1.17399,1.17495,True,20180925,050000,2018,09,25,05,00,00
506,EUR_USD|H1|20180925|060000,EUR_USD,H1,2018-09-25 06:00:00,2907,1.17495,1.17663,1.17446,1.17613,True,20180925,060000,2018,09,25,06,00,00
507,EUR_USD|H1|20180925|070000,EUR_USD,H1,2018-09-25 07:00:00,3773,1.17613,1.17750,1.17444,1.17699,True,20180925,070000,2018,09,25,07,00,00
508,EUR_USD|H1|20180925|080000,EUR_USD,H1,2018-09-25 08:00:00,4804,1.17699,1.17707,1.17343,1.17614,True,20180925,080000,2018,09,25,08,00,00
509,EUR_USD|H1|20180925|090000,EUR_USD,H1,2018-09-25 09:00:00,2387,1.17614,1.17683,1.17587,1.17667,True,20180925,090000,2018,09,25,09,00,00
510,EUR_USD|H1|20180925|100000,EUR_USD,H1,2018-09-25 10:00:00,1669,1.17667,1.17670,1.17595,1.17622,True,20180925,100000,2018,09,25,10,00,00
511,EUR_USD|H1|20180925|110000,EUR_USD,H1,2018-09-25 11:00:00,3253,1.17622,1.17912,1.17599,1.17821,True,20180925,110000,2018,09,25,11,00,00
512,EUR_USD|H1|20180925|120000,EUR_USD,H1,2018-09-25 12:00:00,2335,1.17821,1.17843,1.17728,1.17802,True,20180925,120000,2018,09,25,12,00,00
513,EUR_USD|H1|20180925|130000,EUR_USD,H1,2018-09-25 13:00:00,2709,1.17802,1.17893,1.17766,1.17853,True,20180925,130000,2018,09,25,13,00,00
514,EUR_USD|H1|20180925|140000,EUR_USD,H1,2018-09-25 14:00:00,3790,1.17853,1.17933,1.17769,1.17868,True,20180925,140000,2018,09,25,14,00,00
515,EUR_USD|H1|20180925|150000,EUR_USD,H1,2018-09-25 15:00:00,2661,1.17868,1.17872,1.17656,1.17708,True,20180925,150000,2018,09,25,15,00,00
516,EUR_USD|H1|20180925|160000,EUR_USD,H1,2018-09-25 16:00:00,1143,1.17708,1.17761,1.17676,1.17733,True,20180925,160000,2018,09,25,16,00,00
517,EUR_USD|H1|20180925|170000,EUR_USD,H1,2018-09-25 17:00:00,1542,1.17733,1.17761,1.17618,1.17639,True,20180925,170000,2018,09,25,17,00,00
518,EUR_USD|H1|20180925|180000,EUR_USD,H1,2018-09-25 18:00:00,976,1.17639,1.17712,1.17617,1.17679,True,20180925,180000,2018,09,25,18,00,00
519,EUR_USD|H1|20180925|190000,EUR_USD,H1,2018-09-25 19:00:00,728,1.17679,1.17716,1.17645,1.17670,True,20180925,190000,2018,09,25,19,00,00
520,EUR_USD|H1|20180925|200000,EUR_USD,H1,2018-09-25 20:00:00,394,1.17670,1.17699,1.17661,1.17679,True,20180925,200000,2018,09,25,20,00,00
521,EUR_USD|H1|20180925|210000,EUR_USD,H1,2018-09-25 21:00:00,798,1.17679,1.17739,1.17651,1.17671,True,20180925,210000,2018,09,25,21,00,00
522,EUR_USD|H1|20180925|220000,EUR_USD,H1,2018-09-25 22:00:00,493,1.17671,1.17686,1.17654,1.17675,True,20180925,220000,2018,09,25,22,00,00
523,EUR_USD|H1|20180925|230000,EUR_USD,H1,2018-09-25 23:00:00,313,1.17675,1.17695,1.17624,1.17639,True,20180925,230000,2018,09,25,23,00,00
524,EUR_USD|H1|20180926|000000,EUR_USD,H1,2018-09-26 00:00:00,1052,1.17639,1.17669,1.17576,1.17580,True,20180926,000000,2018,09,26,00,00,00
525,EUR_USD|H1|20180926|010000,EUR_USD,H1,2018-09-26 01:00:00,1482,1.17580,1.17647,1.17574,1.17639,True,20180926,010000,2018,09,26,01,00,00
526,EUR_USD|H1|20180926|020000,EUR_USD,H1,2018-09-26 02:00:00,786,1.17639,1.17673,1.17615,1.17651,True,20180926,020000,2018,09,26,02,00,00
527,EUR_USD|H1|20180926|030000,EUR_USD,H1,2018-09-26 03:00:00,814,1.17651,1.17678,1.17630,1.17671,True,20180926,030000,2018,09,26,03,00,00
528,EUR_USD|H1|20180926|040000,EUR_USD,H1,2018-09-26 04:00:00,641,1.17671,1.17686,1.17638,1.17640,True,20180926,040000,2018,09,26,04,00,00
529,EUR_USD|H1|20180926|050000,EUR_USD,H1,2018-09-26 05:00:00,685,1.17640,1.17664,1.17606,1.17613,True,20180926,050000,2018,09,26,05,00,00
530,EUR_USD|H1|20180926|060000,EUR_USD,H1,2018-09-26 06:00:00,1779,1.17613,1.17693,1.17585,1.17620,True,20180926,060000,2018,09,26,06,00,00
531,EUR_USD|H1|20180926|070000,EUR_USD,H1,2018-09-26 07:00:00,2598,1.17620,1.17766,1.17584,1.17678,True,20180926,070000,2018,09,26,07,00,00
532,EUR_USD|H1|20180926|080000,EUR_USD,H1,2018-09-26 08:00:00,1918,1.17678,1.17757,1.17660,1.17680,True,20180926,080000,2018,09,26,08,00,00
533,EUR_USD|H1|20180926|090000,EUR_USD,H1,2018-09-26 09:00:00,2035,1.17680,1.17707,1.17635,1.17659,True,20180926,090000,2018,09,26,09,00,00
534,EUR_USD|H1|20180926|100000,EUR_USD,H1,2018-09-26 10:00:00,2123,1.17659,1.17659,1.17467,1.17502,True,20180926,100000,2018,09,26,10,00,00
535,EUR_USD|H1|20180926|110000,EUR_USD,H1,2018-09-26 11:00:00,2825,1.17502,1.17512,1.17360,1.17375,True,20180926,110000,2018,09,26,11,00,00
536,EUR_USD|H1|20180926|120000,EUR_USD,H1,2018-09-26 12:00:00,2165,1.17375,1.17440,1.17309,1.17412,True,20180926,120000,2018,09,26,12,00,00
537,EUR_USD|H1|20180926|130000,EUR_USD,H1,2018-09-26 13:00:00,1914,1.17412,1.17417,1.17265,1.17349,True,20180926,130000,2018,09,26,13,00,00
538,EUR_USD|H1|20180926|140000,EUR_USD,H1,2018-09-26 14:00:00,2930,1.17349,1.17533,1.17320,1.17493,True,20180926,140000,2018,09,26,14,00,00
539,EUR_USD|H1|20180926|150000,EUR_USD,H1,2018-09-26 15:00:00,2161,1.17493,1.17583,1.17450,1.17575,True,20180926,150000,2018,09,26,15,00,00
540,EUR_USD|H1|20180926|160000,EUR_USD,H1,2018-09-26 16:00:00,1587,1.17575,1.17585,1.17453,1.17524,True,20180926,160000,2018,09,26,16,00,00
541,EUR_USD|H1|20180926|170000,EUR_USD,H1,2018-09-26 17:00:00,2348,1.17524,1.17701,1.17524,1.17687,True,20180926,170000,2018,09,26,17,00,00
542,EUR_USD|H1|20180926|180000,EUR_USD,H1,2018-09-26 18:00:00,17004,1.17687,1.17984,1.17322,1.17608,True,20180926,180000,2018,09,26,18,00,00
543,EUR_USD|H1|20180926|190000,EUR_USD,H1,2018-09-26 19:00:00,5785,1.17608,1.17725,1.17464,1.17475,True,20180926,190000,2018,09,26,19,00,00
544,EUR_USD|H1|20180926|200000,EUR_USD,H1,2018-09-26 20:00:00,1281,1.17475,1.17494,1.17371,1.17428,True,20180926,200000,2018,09,26,20,00,00
545,EUR_USD|H1|20180926|210000,EUR_USD,H1,2018-09-26 21:00:00,647,1.17428,1.17553,1.17408,1.17441,True,20180926,210000,2018,09,26,21,00,00
546,EUR_USD|H1|20180926|220000,EUR_USD,H1,2018-09-26 22:00:00,652,1.17441,1.17525,1.17431,1.17497,True,20180926,220000,2018,09,26,22,00,00
547,EUR_USD|H1|20180926|230000,EUR_USD,H1,2018-09-26 23:00:00,335,1.17497,1.17524,1.17479,1.17479,True,20180926,230000,2018,09,26,23,00,00
548,EUR_USD|H1|20180927|000000,EUR_USD,H1,2018-09-27 00:00:00,1141,1.17479,1.17580,1.17469,1.17550,True,20180927,000000,2018,09,27,00,00,00
549,EUR_USD|H1|20180927|010000,EUR_USD,H1,2018-09-27 01:00:00,1282,1.17550,1.17564,1.17409,1.17430,True,20180927,010000,2018,09,27,01,00,00
550,EUR_USD|H1|20180927|020000,EUR_USD,H1,2018-09-27 02:00:00,902,1.17430,1.17495,1.17417,1.17468,True,20180927,020000,2018,09,27,02,00,00
551,EUR_USD|H1|20180927|030000,EUR_USD,H1,2018-09-27 03:00:00,891,1.17468,1.17537,1.17468,1.17514,True,20180927,030000,2018,09,27,03,00,00
552,EUR_USD|H1|20180927|040000,EUR_USD,H1,2018-09-27 04:00:00,554,1.17514,1.17532,1.17461,1.17501,True,20180927,040000,2018,09,27,04,00,00
553,EUR_USD|H1|20180927|050000,EUR_USD,H1,2018-09-27 05:00:00,5762,1.17501,1.17521,1.16919,1.17044,True,20180927,050000,2018,09,27,05,00,00
554,EUR_USD|H1|20180927|060000,EUR_USD,H1,2018-09-27 06:00:00,4709,1.17044,1.17122,1.16929,1.17073,True,20180927,060000,2018,09,27,06,00,00
555,EUR_USD|H1|20180927|070000,EUR_USD,H1,2018-09-27 07:00:00,8097,1.17073,1.17175,1.16857,1.17034,True,20180927,070000,2018,09,27,07,00,00
556,EUR_USD|H1|20180927|080000,EUR_USD,H1,2018-09-27 08:00:00,3958,1.17034,1.17186,1.17004,1.17124,True,20180927,080000,2018,09,27,08,00,00
557,EUR_USD|H1|20180927|090000,EUR_USD,H1,2018-09-27 09:00:00,3120,1.17124,1.17209,1.17035,1.17062,True,20180927,090000,2018,09,27,09,00,00
558,EUR_USD|H1|20180927|100000,EUR_USD,H1,2018-09-27 10:00:00,2935,1.17062,1.17209,1.17036,1.17203,True,20180927,100000,2018,09,27,10,00,00
559,EUR_USD|H1|20180927|110000,EUR_USD,H1,2018-09-27 11:00:00,2696,1.17203,1.17203,1.17001,1.17046,True,20180927,110000,2018,09,27,11,00,00
560,EUR_USD|H1|20180927|120000,EUR_USD,H1,2018-09-27 12:00:00,4861,1.17046,1.17133,1.16737,1.16756,True,20180927,120000,2018,09,27,12,00,00
561,EUR_USD|H1|20180927|130000,EUR_USD,H1,2018-09-27 13:00:00,2894,1.16756,1.16859,1.16713,1.16834,True,20180927,130000,2018,09,27,13,00,00
562,EUR_USD|H1|20180927|140000,EUR_USD,H1,2018-09-27 14:00:00,3723,1.16834,1.16970,1.16750,1.16763,True,20180927,140000,2018,09,27,14,00,00
563,EUR_USD|H1|20180927|150000,EUR_USD,H1,2018-09-27 15:00:00,3201,1.16763,1.16789,1.16639,1.16705,True,20180927,150000,2018,09,27,15,00,00
564,EUR_USD|H1|20180927|160000,EUR_USD,H1,2018-09-27 16:00:00,2204,1.16705,1.16855,1.16702,1.16737,True,20180927,160000,2018,09,27,16,00,00
565,EUR_USD|H1|20180927|170000,EUR_USD,H1,2018-09-27 17:00:00,1819,1.16737,1.16739,1.16618,1.16658,True,20180927,170000,2018,09,27,17,00,00
566,EUR_USD|H1|20180927|180000,EUR_USD,H1,2018-09-27 18:00:00,1609,1.16658,1.16667,1.16543,1.16588,True,20180927,180000,2018,09,27,18,00,00
567,EUR_USD|H1|20180927|190000,EUR_USD,H1,2018-09-27 19:00:00,2292,1.16588,1.16632,1.16429,1.16503,True,20180927,190000,2018,09,27,19,00,00
568,EUR_USD|H1|20180927|200000,EUR_USD,H1,2018-09-27 20:00:00,742,1.16503,1.16528,1.16398,1.16420,True,20180927,200000,2018,09,27,20,00,00
569,EUR_USD|H1|20180927|210000,EUR_USD,H1,2018-09-27 21:00:00,393,1.16420,1.16439,1.16394,1.16403,True,20180927,210000,2018,09,27,21,00,00
570,EUR_USD|H1|20180927|220000,EUR_USD,H1,2018-09-27 22:00:00,1269,1.16403,1.16430,1.16344,1.16359,True,20180927,220000,2018,09,27,22,00,00
571,EUR_USD|H1|20180927|230000,EUR_USD,H1,2018-09-27 23:00:00,413,1.16359,1.16378,1.16337,1.16371,True,20180927,230000,2018,09,27,23,00,00
572,EUR_USD|H1|20180928|000000,EUR_USD,H1,2018-09-28 00:00:00,1074,1.16371,1.16446,1.16363,1.16430,True,20180928,000000,2018,09,28,00,00,00
573,EUR_USD|H1|20180928|010000,EUR_USD,H1,2018-09-28 01:00:00,1223,1.16430,1.16467,1.16405,1.16437,True,20180928,010000,2018,09,28,01,00,00
574,EUR_USD|H1|20180928|020000,EUR_USD,H1,2018-09-28 02:00:00,638,1.16437,1.16488,1.16431,1.16484,True,20180928,020000,2018,09,28,02,00,00
575,EUR_USD|H1|20180928|030000,EUR_USD,H1,2018-09-28 03:00:00,583,1.16484,1.16500,1.16456,1.16485,True,20180928,030000,2018,09,28,03,00,00
576,EUR_USD|H1|20180928|040000,EUR_USD,H1,2018-09-28 04:00:00,738,1.16485,1.16500,1.16385,1.16447,True,20180928,040000,2018,09,28,04,00,00
577,EUR_USD|H1|20180928|050000,EUR_USD,H1,2018-09-28 05:00:00,634,1.16447,1.16521,1.16419,1.16496,True,20180928,050000,2018,09,28,05,00,00
578,EUR_USD|H1|20180928|060000,EUR_USD,H1,2018-09-28 06:00:00,3656,1.16496,1.16520,1.16241,1.16265,True,20180928,060000,2018,09,28,06,00,00
579,EUR_USD|H1|20180928|070000,EUR_USD,H1,2018-09-28 07:00:00,3701,1.16265,1.16292,1.16152,1.16193,True,20180928,070000,2018,09,28,07,00,00
580,EUR_USD|H1|20180928|080000,EUR_USD,H1,2018-09-28 08:00:00,3736,1.16193,1.16321,1.16120,1.16156,True,20180928,080000,2018,09,28,08,00,00
581,EUR_USD|H1|20180928|090000,EUR_USD,H1,2018-09-28 09:00:00,4380,1.16156,1.16178,1.15952,1.15964,True,20180928,090000,2018,09,28,09,00,00
582,EUR_USD|H1|20180928|100000,EUR_USD,H1,2018-09-28 10:00:00,3752,1.15964,1.15974,1.15810,1.15812,True,20180928,100000,2018,09,28,10,00,00
583,EUR_USD|H1|20180928|110000,EUR_USD,H1,2018-09-28 11:00:00,2657,1.15812,1.15851,1.15704,1.15835,True,20180928,110000,2018,09,28,11,00,00
584,EUR_USD|H1|20180928|120000,EUR_USD,H1,2018-09-28 12:00:00,3718,1.15835,1.15879,1.15726,1.15852,True,20180928,120000,2018,09,28,12,00,00
585,EUR_USD|H1|20180928|130000,EUR_USD,H1,2018-09-28 13:00:00,3453,1.15852,1.15942,1.15732,1.15811,True,20180928,130000,2018,09,28,13,00,00
586,EUR_USD|H1|20180928|140000,EUR_USD,H1,2018-09-28 14:00:00,4437,1.15811,1.16180,1.15797,1.16146,True,20180928,140000,2018,09,28,14,00,00
587,EUR_USD|H1|20180928|150000,EUR_USD,H1,2018-09-28 15:00:00,3889,1.16146,1.16303,1.16129,1.16223,True,20180928,150000,2018,09,28,15,00,00
588,EUR_USD|H1|20180928|160000,EUR_USD,H1,2018-09-28 16:00:00,1495,1.16223,1.16262,1.16096,1.16144,True,20180928,160000,2018,09,28,16,00,00
589,EUR_USD|H1|20180928|170000,EUR_USD,H1,2018-09-28 17:00:00,974,1.16144,1.16187,1.16101,1.16139,True,20180928,170000,2018,09,28,17,00,00
590,EUR_USD|H1|20180928|180000,EUR_USD,H1,2018-09-28 18:00:00,1154,1.16139,1.16175,1.16072,1.16104,True,20180928,180000,2018,09,28,18,00,00
591,EUR_USD|H1|20180928|190000,EUR_USD,H1,2018-09-28 19:00:00,1098,1.16104,1.16148,1.16070,1.16103,True,20180928,190000,2018,09,28,19,00,00
592,EUR_USD|H1|20180928|200000,EUR_USD,H1,2018-09-28 20:00:00,1468,1.16103,1.16133,1.16028,1.16057,True,20180928,200000,2018,09,28,20,00,00
593,EUR_USD|H1|20180930|210000,EUR_USD,H1,2018-09-30 21:00:00,568,1.16057,1.16208,1.16057,1.16122,True,20180930,210000,2018,09,30,21,00,00
594,EUR_USD|H1|20180930|220000,EUR_USD,H1,2018-09-30 22:00:00,733,1.16122,1.16136,1.16052,1.16058,True,20180930,220000,2018,09,30,22,00,00
595,EUR_USD|H1|20180930|230000,EUR_USD,H1,2018-09-30 23:00:00,519,1.16058,1.16096,1.16039,1.16060,True,20180930,230000,2018,09,30,23,00,00
596,EUR_USD|H1|20181001|000000,EUR_USD,H1,2018-10-01 00:00:00,767,1.16060,1.16113,1.16052,1.16073,True,20181001,000000,2018,10,01,00,00,00
597,EUR_USD|H1|20181001|010000,EUR_USD,H1,2018-10-01 01:00:00,1039,1.16073,1.16093,1.15964,1.16012,True,20181001,010000,2018,10,01,01,00,00
598,EUR_USD|H1|20181001|020000,EUR_USD,H1,2018-10-01 02:00:00,789,1.16012,1.16037,1.15967,1.15975,True,20181001,020000,2018,10,01,02,00,00
599,EUR_USD|H1|20181001|030000,EUR_USD,H1,2018-10-01 03:00:00,676,1.15975,1.15989,1.15939,1.15969,True,20181001,030000,2018,10,01,03,00,00
600,EUR_USD|H1|20181001|040000,EUR_USD,H1,2018-10-01 04:00:00,488,1.15969,1.15973,1.15919,1.15964,True,20181001,040000,2018,10,01,04,00,00
601,EUR_USD|H1|20181001|050000,EUR_USD,H1,2018-10-01 05:00:00,934,1.15964,1.15989,1.15866,1.15893,True,20181001,050000,2018,10,01,05,00,00
602,EUR_USD|H1|20181001|060000,EUR_USD,H1,2018-10-01 06:00:00,2197,1.15893,1.15957,1.15761,1.15813,True,20181001,060000,2018,10,01,06,00,00
603,EUR_USD|H1|20181001|070000,EUR_USD,H1,2018-10-01 07:00:00,3302,1.15813,1.15987,1.15749,1.15965,True,20181001,070000,2018,10,01,07,00,00
604,EUR_USD|H1|20181001|080000,EUR_USD,H1,2018-10-01 08:00:00,2455,1.15965,1.16093,1.15933,1.16086,True,20181001,080000,2018,10,01,08,00,00
605,EUR_USD|H1|20181001|090000,EUR_USD,H1,2018-10-01 09:00:00,2745,1.16086,1.16198,1.16004,1.16168,True,20181001,090000,2018,10,01,09,00,00
606,EUR_USD|H1|20181001|100000,EUR_USD,H1,2018-10-01 10:00:00,1804,1.16168,1.16193,1.16056,1.16094,True,20181001,100000,2018,10,01,10,00,00
607,EUR_USD|H1|20181001|110000,EUR_USD,H1,2018-10-01 11:00:00,2399,1.16094,1.16147,1.15892,1.15994,True,20181001,110000,2018,10,01,11,00,00
608,EUR_USD|H1|20181001|120000,EUR_USD,H1,2018-10-01 12:00:00,5409,1.15994,1.16264,1.15957,1.16105,True,20181001,120000,2018,10,01,12,00,00
609,EUR_USD|H1|20181001|130000,EUR_USD,H1,2018-10-01 13:00:00,2458,1.16105,1.16114,1.15946,1.16044,True,20181001,130000,2018,10,01,13,00,00
610,EUR_USD|H1|20181001|140000,EUR_USD,H1,2018-10-01 14:00:00,3789,1.16044,1.16116,1.15736,1.15849,True,20181001,140000,2018,10,01,14,00,00
611,EUR_USD|H1|20181001|150000,EUR_USD,H1,2018-10-01 15:00:00,3133,1.15849,1.15904,1.15640,1.15668,True,20181001,150000,2018,10,01,15,00,00
612,EUR_USD|H1|20181001|160000,EUR_USD,H1,2018-10-01 16:00:00,1701,1.15668,1.15793,1.15668,1.15689,True,20181001,160000,2018,10,01,16,00,00
613,EUR_USD|H1|20181001|170000,EUR_USD,H1,2018-10-01 17:00:00,1095,1.15689,1.15758,1.15645,1.15753,True,20181001,170000,2018,10,01,17,00,00
614,EUR_USD|H1|20181001|180000,EUR_USD,H1,2018-10-01 18:00:00,714,1.15753,1.15796,1.15733,1.15752,True,20181001,180000,2018,10,01,18,00,00
615,EUR_USD|H1|20181001|190000,EUR_USD,H1,2018-10-01 19:00:00,928,1.15752,1.15810,1.15749,1.15787,True,20181001,190000,2018,10,01,19,00,00
616,EUR_USD|H1|20181001|200000,EUR_USD,H1,2018-10-01 20:00:00,688,1.15787,1.15805,1.15769,1.15791,True,20181001,200000,2018,10,01,20,00,00
617,EUR_USD|H1|20181001|210000,EUR_USD,H1,2018-10-01 21:00:00,1069,1.15791,1.15824,1.15755,1.15756,True,20181001,210000,2018,10,01,21,00,00
618,EUR_USD|H1|20181001|220000,EUR_USD,H1,2018-10-01 22:00:00,526,1.15756,1.15801,1.15754,1.15766,True,20181001,220000,2018,10,01,22,00,00
619,EUR_USD|H1|20181001|230000,EUR_USD,H1,2018-10-01 23:00:00,287,1.15766,1.15798,1.15766,1.15777,True,20181001,230000,2018,10,01,23,00,00
620,EUR_USD|H1|20181002|000000,EUR_USD,H1,2018-10-02 00:00:00,622,1.15777,1.15783,1.15733,1.15764,True,20181002,000000,2018,10,02,00,00,00
621,EUR_USD|H1|20181002|010000,EUR_USD,H1,2018-10-02 01:00:00,770,1.15764,1.15809,1.15698,1.15734,True,20181002,010000,2018,10,02,01,00,00
622,EUR_USD|H1|20181002|020000,EUR_USD,H1,2018-10-02 02:00:00,502,1.15734,1.15752,1.15696,1.15715,True,20181002,020000,2018,10,02,02,00,00
623,EUR_USD|H1|20181002|030000,EUR_USD,H1,2018-10-02 03:00:00,345,1.15715,1.15736,1.15706,1.15714,True,20181002,030000,2018,10,02,03,00,00
624,EUR_USD|H1|20181002|040000,EUR_USD,H1,2018-10-02 04:00:00,489,1.15714,1.15756,1.15699,1.15699,True,20181002,040000,2018,10,02,04,00,00
625,EUR_USD|H1|20181002|050000,EUR_USD,H1,2018-10-02 05:00:00,1849,1.15699,1.15708,1.15456,1.15484,True,20181002,050000,2018,10,02,05,00,00
626,EUR_USD|H1|20181002|060000,EUR_USD,H1,2018-10-02 06:00:00,3199,1.15484,1.15492,1.15354,1.15387,True,20181002,060000,2018,10,02,06,00,00
627,EUR_USD|H1|20181002|070000,EUR_USD,H1,2018-10-02 07:00:00,4788,1.15387,1.15487,1.15256,1.15443,True,20181002,070000,2018,10,02,07,00,00
628,EUR_USD|H1|20181002|080000,EUR_USD,H1,2018-10-02 08:00:00,4018,1.15443,1.15464,1.15122,1.15156,True,20181002,080000,2018,10,02,08,00,00
629,EUR_USD|H1|20181002|090000,EUR_USD,H1,2018-10-02 09:00:00,3399,1.15156,1.15223,1.15059,1.15161,True,20181002,090000,2018,10,02,09,00,00
630,EUR_USD|H1|20181002|100000,EUR_USD,H1,2018-10-02 10:00:00,2197,1.15161,1.15217,1.15088,1.15182,True,20181002,100000,2018,10,02,10,00,00
631,EUR_USD|H1|20181002|110000,EUR_USD,H1,2018-10-02 11:00:00,2597,1.15182,1.15331,1.15182,1.15300,True,20181002,110000,2018,10,02,11,00,00
632,EUR_USD|H1|20181002|120000,EUR_USD,H1,2018-10-02 12:00:00,5054,1.15300,1.15469,1.15286,1.15390,True,20181002,120000,2018,10,02,12,00,00
633,EUR_USD|H1|20181002|130000,EUR_USD,H1,2018-10-02 13:00:00,2831,1.15390,1.15442,1.15297,1.15335,True,20181002,130000,2018,10,02,13,00,00
634,EUR_USD|H1|20181002|140000,EUR_USD,H1,2018-10-02 14:00:00,3561,1.15335,1.15583,1.15334,1.15570,True,20181002,140000,2018,10,02,14,00,00
635,EUR_USD|H1|20181002|150000,EUR_USD,H1,2018-10-02 15:00:00,2823,1.15570,1.15707,1.15529,1.15593,True,20181002,150000,2018,10,02,15,00,00
636,EUR_USD|H1|20181002|160000,EUR_USD,H1,2018-10-02 16:00:00,1874,1.15593,1.15685,1.15512,1.15513,True,20181002,160000,2018,10,02,16,00,00
637,EUR_USD|H1|20181002|170000,EUR_USD,H1,2018-10-02 17:00:00,1117,1.15513,1.15540,1.15437,1.15437,True,20181002,170000,2018,10,02,17,00,00
638,EUR_USD|H1|20181002|180000,EUR_USD,H1,2018-10-02 18:00:00,807,1.15437,1.15489,1.15404,1.15449,True,20181002,180000,2018,10,02,18,00,00
639,EUR_USD|H1|20181002|190000,EUR_USD,H1,2018-10-02 19:00:00,968,1.15449,1.15563,1.15422,1.15525,True,20181002,190000,2018,10,02,19,00,00
640,EUR_USD|H1|20181002|200000,EUR_USD,H1,2018-10-02 20:00:00,634,1.15525,1.15541,1.15468,1.15519,True,20181002,200000,2018,10,02,20,00,00
641,EUR_USD|H1|20181002|210000,EUR_USD,H1,2018-10-02 21:00:00,992,1.15519,1.15526,1.15460,1.15477,True,20181002,210000,2018,10,02,21,00,00
642,EUR_USD|H1|20181002|220000,EUR_USD,H1,2018-10-02 22:00:00,923,1.15477,1.15524,1.15477,1.15519,True,20181002,220000,2018,10,02,22,00,00
643,EUR_USD|H1|20181002|230000,EUR_USD,H1,2018-10-02 23:00:00,232,1.15519,1.15538,1.15513,1.15513,True,20181002,230000,2018,10,02,23,00,00
644,EUR_USD|H1|20181003|000000,EUR_USD,H1,2018-10-03 00:00:00,879,1.15513,1.15550,1.15434,1.15453,True,20181003,000000,2018,10,03,00,00,00
645,EUR_USD|H1|20181003|010000,EUR_USD,H1,2018-10-03 01:00:00,2835,1.15453,1.15757,1.15363,1.15710,True,20181003,010000,2018,10,03,01,00,00
646,EUR_USD|H1|20181003|020000,EUR_USD,H1,2018-10-03 02:00:00,5792,1.15710,1.15948,1.15651,1.15855,True,20181003,020000,2018,10,03,02,00,00
647,EUR_USD|H1|20181003|030000,EUR_USD,H1,2018-10-03 03:00:00,1219,1.15855,1.15887,1.15800,1.15810,True,20181003,030000,2018,10,03,03,00,00
